LVL,MINION_HP,MINION_SPD,MINION_DMG,WARRIOR_HP,WARRIOR_SPD,WARRIOR_DMG,BRUTE_HP,BRUTE_SPD,BRUTE_DMG
1,5,5,1,15,3,5,30,1,10
2,5.1,5.0025,1.002,15.3,3.0015,5.01,30.6,1.0005,10.02
3,5.2,5.00500125,1.004004,15.6,3.00300075,5.02002,31.2,1.00100025,10.04004
4,5.3,5.007503751,1.006012008,15.9,3.00450225,5.03006004,31.8,1.00150075,10.06012008
5,5.4,5.010007503,1.008024032,16.2,3.006004502,5.04012016,32.4,1.002001501,10.08024032
6,5.5,5.012512506,1.01004008,16.5,3.007507504,5.0502004,33,1.002502501,10.1004008
7,5.6,5.015018763,1.01206016,16.8,3.009011258,5.060300801,33.6,1.003003753,10.1206016
8,5.7,5.017526272,1.014084281,17.1,3.010515763,5.070421403,34.2,1.003505254,10.14084281
9,5.8,5.020035035,1.016112449,17.4,3.012021021,5.080562246,34.8,1.004007007,10.16112449
10,5.9,5.022545053,1.018144674,17.7,3.013527032,5.09072337,35.4,1.004509011,10.18144674
11,6,5.025056325,1.020180963,18,3.015033795,5.100904817,36,1.005011265,10.20180963
12,6.1,5.027568853,1.022221325,18.3,3.016541312,5.111106626,36.6,1.005513771,10.22221325
13,6.2,5.030082638,1.024265768,18.6,3.018049583,5.12132884,37.2,1.006016528,10.24265768
14,6.3,5.032597679,1.026314299,18.9,3.019558607,5.131571497,37.8,1.006519536,10.26314299
15,6.4,5.035113978,1.028366928,19.2,3.021068387,5.14183464,38.4,1.007022796,10.28366928
16,6.5,5.037631535,1.030423662,19.5,3.022578921,5.15211831,39,1.007526307,10.30423662
17,6.6,5.040150351,1.032484509,19.8,3.02409021,5.162422546,39.6,1.00803007,10.32484509
18,6.7,5.042670426,1.034549478,20.1,3.025602255,5.172747391,40.2,1.008534085,10.34549478
19,6.8,5.045191761,1.036618577,20.4,3.027115057,5.183092886,40.8,1.009038352,10.36618577
20,6.9,5.047714357,1.038691814,20.7,3.028628614,5.193459072,41.4,1.009542871,10.38691814
21,7,5.050238214,1.040769198,21,3.030142928,5.20384599,42,1.010047643,10.40769198
22,7.1,5.052763333,1.042850736,21.3,3.031658,5.214253682,42.6,1.010552667,10.42850736
23,7.2,5.055289715,1.044936438,21.6,3.033173829,5.224682189,43.2,1.011057943,10.44936438
24,7.3,5.05781736,1.047026311,21.9,3.034690416,5.235131554,43.8,1.011563472,10.47026311
25,7.4,5.060346268,1.049120363,22.2,3.036207761,5.245601817,44.4,1.012069254,10.49120363
26,7.5,5.062876441,1.051218604,22.5,3.037725865,5.256093021,45,1.012575288,10.51218604
27,7.6,5.06540788,1.053321041,22.8,3.039244728,5.266605207,45.6,1.013081576,10.53321041
28,7.7,5.067940584,1.055427683,23.1,3.04076435,5.277138417,46.2,1.013588117,10.55427683
29,7.8,5.070474554,1.057538539,23.4,3.042284732,5.287692694,46.8,1.014094911,10.57538539
30,7.9,5.073009791,1.059653616,23.7,3.043805875,5.298268079,47.4,1.014601958,10.59653616
31,8,5.075546296,1.061772923,24,3.045327778,5.308864615,48,1.015109259,10.61772923
32,8.1,5.078084069,1.063896469,24.3,3.046850442,5.319482345,48.6,1.015616814,10.63896469
33,8.2,5.080623111,1.066024262,24.6,3.048373867,5.330121309,49.2,1.016124622,10.66024262
34,8.3,5.083163423,1.06815631,24.9,3.049898054,5.340781552,49.8,1.016632685,10.6815631
35,8.4,5.085705005,1.070292623,25.2,3.051423003,5.351463115,50.4,1.017141001,10.70292623
36,8.5,5.088247857,1.072433208,25.5,3.052948714,5.362166041,51,1.017649571,10.72433208
37,8.6,5.090791981,1.074578075,25.8,3.054475189,5.372890373,51.6,1.018158396,10.74578075
38,8.7,5.093337377,1.076727231,26.1,3.056002426,5.383636154,52.2,1.018667475,10.76727231
39,8.8,5.095884046,1.078880685,26.4,3.057530427,5.394403426,52.8,1.019176809,10.78880685
40,8.9,5.098431988,1.081038447,26.7,3.059059193,5.405192233,53.4,1.019686398,10.81038447
41,9,5.100981204,1.083200524,27,3.060588722,5.416002618,54,1.020196241,10.83200524
42,9.1,5.103531694,1.085366925,27.3,3.062119017,5.426834623,54.6,1.020706339,10.85366925
43,9.2,5.10608346,1.087537658,27.6,3.063650076,5.437688292,55.2,1.021216692,10.87537658
44,9.3,5.108636502,1.089712734,27.9,3.065181901,5.448563669,55.8,1.0217273,10.89712734
45,9.4,5.11119082,1.091892159,28.2,3.066714492,5.459460796,56.4,1.022238164,10.91892159
46,9.5,5.113746416,1.094075944,28.5,3.068247849,5.470379718,57,1.022749283,10.94075944
47,9.6,5.116303289,1.096264095,28.8,3.069781973,5.481320477,57.6,1.023260658,10.96264095
48,9.7,5.11886144,1.098456624,29.1,3.071316864,5.492283118,58.2,1.023772288,10.98456624
49,9.8,5.121420871,1.100653537,29.4,3.072852523,5.503267684,58.8,1.024284174,11.00653537
50,9.9,5.123981582,1.102854844,29.7,3.074388949,5.51427422,59.4,1.024796316,11.02854844
51,10,5.126543572,1.105060554,30,3.075926143,5.525302768,60,1.025308714,11.05060554
52,10.1,5.129106844,1.107270675,30.3,3.077464106,5.536353374,60.6,1.025821369,11.07270675
53,10.2,5.131671398,1.109485216,30.6,3.079002839,5.54742608,61.2,1.02633428,11.09485216
54,10.3,5.134237233,1.111704187,30.9,3.08054234,5.558520933,61.8,1.026847447,11.11704187
55,10.4,5.136804352,1.113927595,31.2,3.082082611,5.569637974,62.4,1.02736087,11.13927595
56,10.5,5.139372754,1.11615545,31.5,3.083623652,5.58077725,63,1.027874551,11.1615545
57,10.6,5.14194244,1.118387761,31.8,3.085165464,5.591938805,63.6,1.028388488,11.18387761
58,10.7,5.144513412,1.120624537,32.1,3.086708047,5.603122683,64.2,1.028902682,11.20624537
59,10.8,5.147085668,1.122865786,32.4,3.088251401,5.614328928,64.8,1.029417134,11.22865786
60,10.9,5.149659211,1.125111517,32.7,3.089795527,5.625557586,65.4,1.029931842,11.25111517
61,11,5.152234041,1.12736174,33,3.091340424,5.636808701,66,1.030446808,11.2736174
62,11.1,5.154810158,1.129616464,33.3,3.092886095,5.648082318,66.6,1.030962032,11.29616464
63,11.2,5.157387563,1.131875697,33.6,3.094432538,5.659378483,67.2,1.031477513,11.31875697
64,11.3,5.159966257,1.134139448,33.9,3.095979754,5.67069724,67.8,1.031993251,11.34139448
65,11.4,5.16254624,1.136407727,34.2,3.097527744,5.682038634,68.4,1.032509248,11.36407727
66,11.5,5.165127513,1.138680542,34.5,3.099076508,5.693402712,69,1.033025503,11.38680542
67,11.6,5.167710077,1.140957903,34.8,3.100626046,5.704789517,69.6,1.033542015,11.40957903
68,11.7,5.170293932,1.143239819,35.1,3.102176359,5.716199096,70.2,1.034058786,11.43239819
69,11.8,5.172879079,1.145526299,35.4,3.103727447,5.727631494,70.8,1.034575816,11.45526299
70,11.9,5.175465518,1.147817351,35.7,3.105279311,5.739086757,71.4,1.035093104,11.47817351
71,12,5.178053251,1.150112986,36,3.106831951,5.750564931,72,1.03561065,11.50112986
72,12.1,5.180642278,1.152413212,36.3,3.108385367,5.762066061,72.6,1.036128456,11.52413212
73,12.2,5.183232599,1.154718039,36.6,3.109939559,5.773590193,73.2,1.03664652,11.54718039
74,12.3,5.185824215,1.157027475,36.9,3.111494529,5.785137373,73.8,1.037164843,11.57027475
75,12.4,5.188417127,1.15934153,37.2,3.113050276,5.796707648,74.4,1.037683425,11.5934153
76,12.5,5.191011336,1.161660213,37.5,3.114606801,5.808301063,75,1.038202267,11.61660213
77,12.6,5.193606841,1.163983533,37.8,3.116164105,5.819917665,75.6,1.038721368,11.63983533
78,12.7,5.196203645,1.1663115,38.1,3.117722187,5.831557501,76.2,1.039240729,11.663115
79,12.8,5.198801747,1.168644123,38.4,3.119281048,5.843220616,76.8,1.039760349,11.68644123
80,12.9,5.201401147,1.170981411,38.7,3.120840688,5.854907057,77.4,1.040280229,11.70981411
81,13,5.204001848,1.173323374,39,3.122401109,5.866616871,78,1.04080037,11.73323374
82,13.1,5.206603849,1.175670021,39.3,3.123962309,5.878350105,78.6,1.04132077,11.75670021
83,13.2,5.209207151,1.178021361,39.6,3.125524291,5.890106805,79.2,1.04184143,11.78021361
84,13.3,5.211811754,1.180377404,39.9,3.127087053,5.901887019,79.8,1.042362351,11.80377404
85,13.4,5.21441766,1.182738159,40.2,3.128650596,5.913690793,80.4,1.042883532,11.82738159
86,13.5,5.217024869,1.185103635,40.5,3.130214921,5.925518174,81,1.043404974,11.85103635
87,13.6,5.219633382,1.187473842,40.8,3.131780029,5.937369211,81.6,1.043926676,11.87473842
88,13.7,5.222243198,1.18984879,41.1,3.133345919,5.949243949,82.2,1.04444864,11.8984879
89,13.8,5.22485432,1.192228487,41.4,3.134912592,5.961142437,82.8,1.044970864,11.92228487
90,13.9,5.227466747,1.194612944,41.7,3.136480048,5.973064722,83.4,1.045493349,11.94612944
91,14,5.23008048,1.19700217,42,3.138048288,5.985010851,84,1.046016096,11.9700217
92,14.1,5.232695521,1.199396175,42.3,3.139617312,5.996980873,84.6,1.046539104,11.99396175
93,14.2,5.235311868,1.201794967,42.6,3.141187121,6.008974835,85.2,1.047062374,12.01794967
94,14.3,5.237929524,1.204198557,42.9,3.142757715,6.020992784,85.8,1.047585905,12.04198557
95,14.4,5.240548489,1.206606954,43.2,3.144329093,6.03303477,86.4,1.048109698,12.06606954
96,14.5,5.243168763,1.209020168,43.5,3.145901258,6.045100839,87,1.048633753,12.09020168
97,14.6,5.245790348,1.211438208,43.8,3.147474209,6.057191041,87.6,1.04915807,12.11438208
98,14.7,5.248413243,1.213861085,44.1,3.149047946,6.069305423,88.2,1.049682649,12.13861085
99,14.8,5.25103745,1.216288807,44.4,3.15062247,6.081444034,88.8,1.05020749,12.16288807
100,14.9,5.253662968,1.218721384,44.7,3.152197781,6.093606922,89.4,1.050732594,12.18721384
101,15,5.2562898,1.221158827,45,3.15377388,6.105794136,90,1.05125796,12.21158827
102,15.1,5.258917945,1.223601145,45.3,3.155350767,6.118005724,90.6,1.051783589,12.23601145
103,15.2,5.261547404,1.226048347,45.6,3.156928442,6.130241736,91.2,1.052309481,12.26048347
104,15.3,5.264178177,1.228500444,45.9,3.158506906,6.142502219,91.8,1.052835635,12.28500444
105,15.4,5.266810266,1.230957445,46.2,3.16008616,6.154787224,92.4,1.053362053,12.30957445
106,15.5,5.269443672,1.23341936,46.5,3.161666203,6.167096798,93,1.053888734,12.3341936
107,15.6,5.272078393,1.235886198,46.8,3.163247036,6.179430992,93.6,1.054415679,12.35886198
108,15.7,5.274714433,1.238357971,47.1,3.16482866,6.191789854,94.2,1.054942887,12.38357971
109,15.8,5.27735179,1.240834687,47.4,3.166411074,6.204173433,94.8,1.055470358,12.40834687
110,15.9,5.279990466,1.243316356,47.7,3.167994279,6.21658178,95.4,1.055998093,12.43316356
111,16,5.282630461,1.245802989,48,3.169578277,6.229014944,96,1.056526092,12.45802989
112,16.1,5.285271776,1.248294595,48.3,3.171163066,6.241472974,96.6,1.057054355,12.48294595
113,16.2,5.287914412,1.250791184,48.6,3.172748647,6.25395592,97.2,1.057582882,12.50791184
114,16.3,5.290558369,1.253292766,48.9,3.174335022,6.266463831,97.8,1.058111674,12.53292766
115,16.4,5.293203648,1.255799352,49.2,3.175922189,6.278996759,98.4,1.05864073,12.55799352
116,16.5,5.29585025,1.258310951,49.5,3.17751015,6.291554753,99,1.05917005,12.58310951
117,16.6,5.298498175,1.260827572,49.8,3.179098905,6.304137862,99.6,1.059699635,12.60827572
118,16.7,5.301147424,1.263349228,50.1,3.180688455,6.316746138,100.2,1.060229485,12.63349228
119,16.8,5.303797998,1.265875926,50.4,3.182278799,6.32937963,100.8,1.0607596,12.65875926
120,16.9,5.306449897,1.268407678,50.7,3.183869938,6.342038389,101.4,1.061289979,12.68407678
121,17,5.309103122,1.270944493,51,3.185461873,6.354722466,102,1.061820624,12.70944493
122,17.1,5.311757674,1.273486382,51.3,3.187054604,6.367431911,102.6,1.062351535,12.73486382
123,17.2,5.314413553,1.276033355,51.6,3.188648132,6.380166775,103.2,1.062882711,12.76033355
124,17.3,5.317070759,1.278585422,51.9,3.190242456,6.392927108,103.8,1.063414152,12.78585422
125,17.4,5.319729295,1.281142593,52.2,3.191837577,6.405712963,104.4,1.063945859,12.81142593
126,17.5,5.322389159,1.283704878,52.5,3.193433496,6.418524389,105,1.064477832,12.83704878
127,17.6,5.325050354,1.286272287,52.8,3.195030212,6.431361437,105.6,1.065010071,12.86272287
128,17.7,5.327712879,1.288844832,53.1,3.196627727,6.44422416,106.2,1.065542576,12.88844832
129,17.8,5.330376736,1.291422522,53.4,3.198226041,6.457112609,106.8,1.066075347,12.91422522
130,17.9,5.333041924,1.294005367,53.7,3.199825154,6.470026834,107.4,1.066608385,12.94005367
131,18,5.335708445,1.296593377,54,3.201425067,6.482966887,108,1.067141689,12.96593377
132,18.1,5.338376299,1.299186564,54.3,3.203025779,6.495932821,108.6,1.06767526,12.99186564
133,18.2,5.341045487,1.301784937,54.6,3.204627292,6.508924687,109.2,1.068209097,13.01784937
134,18.3,5.34371601,1.304388507,54.9,3.206229606,6.521942536,109.8,1.068743202,13.04388507
135,18.4,5.346387868,1.306997284,55.2,3.207832721,6.534986421,110.4,1.069277574,13.06997284
136,18.5,5.349061062,1.309611279,55.5,3.209436637,6.548056394,111,1.069812212,13.09611279
137,18.6,5.351735592,1.312230501,55.8,3.211041355,6.561152507,111.6,1.070347118,13.12230501
138,18.7,5.35441146,1.314854962,56.1,3.212646876,6.574274812,112.2,1.070882292,13.14854962
139,18.8,5.357088666,1.317484672,56.4,3.2142532,6.587423362,112.8,1.071417733,13.17484672
140,18.9,5.35976721,1.320119642,56.7,3.215860326,6.600598208,113.4,1.071953442,13.20119642
141,19,5.362447094,1.322759881,57,3.217468256,6.613799405,114,1.072489419,13.22759881
142,19.1,5.365128317,1.325405401,57.3,3.21907699,6.627027004,114.6,1.073025663,13.25405401
143,19.2,5.367810882,1.328056212,57.6,3.220686529,6.640281058,115.2,1.073562176,13.28056212
144,19.3,5.370494787,1.330712324,57.9,3.222296872,6.65356162,115.8,1.074098957,13.30712324
145,19.4,5.373180034,1.333373749,58.2,3.223908021,6.666868743,116.4,1.074636007,13.33373749
146,19.5,5.375866624,1.336040496,58.5,3.225519975,6.68020248,117,1.075173325,13.36040496
147,19.6,5.378554558,1.338712577,58.8,3.227132735,6.693562885,117.6,1.075710912,13.38712577
148,19.7,5.381243835,1.341390002,59.1,3.228746301,6.706950011,118.2,1.076248767,13.41390002
149,19.8,5.383934457,1.344072782,59.4,3.230360674,6.720363911,118.8,1.076786891,13.44072782
150,19.9,5.386626424,1.346760928,59.7,3.231975855,6.733804639,119.4,1.077325285,13.46760928
151,20,5.389319737,1.34945445,60,3.233591842,6.747272248,120,1.077863947,13.4945445
152,20.1,5.392014397,1.352153359,60.3,3.235208638,6.760766793,120.6,1.078402879,13.52153359
153,20.2,5.394710404,1.354857665,60.6,3.236826243,6.774288326,121.2,1.078942081,13.54857665
154,20.3,5.39740776,1.357567381,60.9,3.238444656,6.787836903,121.8,1.079481552,13.57567381
155,20.4,5.400106464,1.360282515,61.2,3.240063878,6.801412577,122.4,1.080021293,13.60282515
156,20.5,5.402806517,1.36300308,61.5,3.24168391,6.815015402,123,1.080561303,13.6300308
157,20.6,5.40550792,1.365729087,61.8,3.243304752,6.828645433,123.6,1.081101584,13.65729087
158,20.7,5.408210674,1.368460545,62.1,3.244926404,6.842302724,124.2,1.081642135,13.68460545
159,20.8,5.410914779,1.371197466,62.4,3.246548868,6.855987329,124.8,1.082182956,13.71197466
160,20.9,5.413620237,1.373939861,62.7,3.248172142,6.869699304,125.4,1.082724047,13.73939861
161,21,5.416327047,1.37668774,63,3.249796228,6.883438702,126,1.083265409,13.7668774
162,21.1,5.41903521,1.379441116,63.3,3.251421126,6.89720558,126.6,1.083807042,13.79441116
163,21.2,5.421744728,1.382199998,63.6,3.253046837,6.910999991,127.2,1.084348946,13.82199998
164,21.3,5.4244556,1.384964398,63.9,3.25467336,6.924821991,127.8,1.08489112,13.84964398
165,21.4,5.427167828,1.387734327,64.2,3.256300697,6.938671635,128.4,1.085433566,13.87734327
166,21.5,5.429881412,1.390509796,64.5,3.257928847,6.952548978,129,1.085976282,13.90509796
167,21.6,5.432596353,1.393290815,64.8,3.259557812,6.966454076,129.6,1.086519271,13.93290815
168,21.7,5.435312651,1.396077397,65.1,3.261187591,6.980386984,130.2,1.08706253,13.96077397
169,21.8,5.438030307,1.398869552,65.4,3.262818184,6.994347758,130.8,1.087606061,13.98869552
170,21.9,5.440749322,1.401667291,65.7,3.264449593,7.008336454,131.4,1.088149864,14.01667291
171,22,5.443469697,1.404470625,66,3.266081818,7.022353127,132,1.088693939,14.04470625
172,22.1,5.446191432,1.407279567,66.3,3.267714859,7.036397833,132.6,1.089238286,14.07279567
173,22.2,5.448914528,1.410094126,66.6,3.269348717,7.050470629,133.2,1.089782906,14.10094126
174,22.3,5.451638985,1.412914314,66.9,3.270983391,7.06457157,133.8,1.090327797,14.12914314
175,22.4,5.454364804,1.415740143,67.2,3.272618883,7.078700713,134.4,1.090872961,14.15740143
176,22.5,5.457091987,1.418571623,67.5,3.274255192,7.092858114,135,1.091418397,14.18571623
177,22.6,5.459820533,1.421408766,67.8,3.27589232,7.107043831,135.6,1.091964107,14.21408766
178,22.7,5.462550443,1.424251584,68.1,3.277530266,7.121257918,136.2,1.092510089,14.24251584
179,22.8,5.465281718,1.427100087,68.4,3.279169031,7.135500434,136.8,1.093056344,14.27100087
180,22.9,5.468014359,1.429954287,68.7,3.280808615,7.149771435,137.4,1.093602872,14.29954287
181,23,5.470748366,1.432814196,69,3.28244902,7.164070978,138,1.094149673,14.32814196
182,23.1,5.473483741,1.435679824,69.3,3.284090244,7.17839912,138.6,1.094696748,14.35679824
183,23.2,5.476220482,1.438551184,69.6,3.285732289,7.192755918,139.2,1.095244096,14.38551184
184,23.3,5.478958593,1.441428286,69.9,3.287375156,7.20714143,139.8,1.095791719,14.41428286
185,23.4,5.481698072,1.444311143,70.2,3.289018843,7.221555713,140.4,1.096339614,14.44311143
186,23.5,5.484438921,1.447199765,70.5,3.290663353,7.235998824,141,1.096887784,14.47199765
187,23.6,5.48718114,1.450094164,70.8,3.292308684,7.250470822,141.6,1.097436228,14.50094164
188,23.7,5.489924731,1.452994353,71.1,3.293954839,7.264971763,142.2,1.097984946,14.52994353
189,23.8,5.492669693,1.455900341,71.4,3.295601816,7.279501707,142.8,1.098533939,14.55900341
190,23.9,5.495416028,1.458812142,71.7,3.297249617,7.29406071,143.4,1.099083206,14.58812142
191,24,5.498163736,1.461729766,72,3.298898242,7.308648832,144,1.099632747,14.61729766
192,24.1,5.500912818,1.464653226,72.3,3.300547691,7.323266129,144.6,1.100182564,14.64653226
193,24.2,5.503663274,1.467582532,72.6,3.302197965,7.337912662,145.2,1.100732655,14.67582532
194,24.3,5.506415106,1.470517697,72.9,3.303849064,7.352588487,145.8,1.101283021,14.70517697
195,24.4,5.509168314,1.473458733,73.2,3.305500988,7.367293664,146.4,1.101833663,14.73458733
196,24.5,5.511922898,1.47640565,73.5,3.307153739,7.382028251,147,1.10238458,14.7640565
197,24.6,5.514678859,1.479358462,73.8,3.308807316,7.396792308,147.6,1.102935772,14.79358462
198,24.7,5.517436199,1.482317178,74.1,3.310461719,7.411585892,148.2,1.10348724,14.82317178
199,24.8,5.520194917,1.485281813,74.4,3.31211695,7.426409064,148.8,1.104038983,14.85281813
200,24.9,5.522955014,1.488252376,74.7,3.313773009,7.441261882,149.4,1.104591003,14.88252376
201,25,5.525716492,1.491228881,75,3.315429895,7.456144406,150,1.105143298,14.91228881
202,25.1,5.52847935,1.494211339,75.3,3.31708761,7.471056695,150.6,1.10569587,14.94211339
203,25.2,5.53124359,1.497199762,75.6,3.318746154,7.485998808,151.2,1.106248718,14.97199762
204,25.3,5.534009211,1.500194161,75.9,3.320405527,7.500970806,151.8,1.106801842,15.00194161
205,25.4,5.536776216,1.50319455,76.2,3.32206573,7.515972748,152.4,1.107355243,15.0319455
206,25.5,5.539544604,1.506200939,76.5,3.323726763,7.531004693,153,1.107908921,15.06200939
207,25.6,5.542314377,1.50921334,76.8,3.325388626,7.546066702,153.6,1.108462875,15.0921334
208,25.7,5.545085534,1.512231767,77.1,3.32705132,7.561158836,154.2,1.109017107,15.12231767
209,25.8,5.547858076,1.515256231,77.4,3.328714846,7.576281154,154.8,1.109571615,15.15256231
210,25.9,5.550632005,1.518286743,77.7,3.330379203,7.591433716,155.4,1.110126401,15.18286743
211,26,5.553407321,1.521323317,78,3.332044393,7.606616583,156,1.110681464,15.21323317
212,26.1,5.556184025,1.524365963,78.3,3.333710415,7.621829816,156.6,1.111236805,15.24365963
213,26.2,5.558962117,1.527414695,78.6,3.33537727,7.637073476,157.2,1.111792423,15.27414695
214,26.3,5.561741598,1.530469525,78.9,3.337044959,7.652347623,157.8,1.11234832,15.30469525
215,26.4,5.564522469,1.533530464,79.2,3.338713481,7.667652318,158.4,1.112904494,15.33530464
216,26.5,5.56730473,1.536597525,79.5,3.340382838,7.682987623,159,1.113460946,15.36597525
217,26.6,5.570088383,1.53967072,79.8,3.34205303,7.698353598,159.6,1.114017677,15.3967072
218,26.7,5.572873427,1.542750061,80.1,3.343724056,7.713750305,160.2,1.114574685,15.42750061
219,26.8,5.575659864,1.545835561,80.4,3.345395918,7.729177806,160.8,1.115131973,15.45835561
220,26.9,5.578447693,1.548927232,80.7,3.347068616,7.744636162,161.4,1.115689539,15.48927232
221,27,5.581236917,1.552025087,81,3.34874215,7.760125434,162,1.116247383,15.52025087
222,27.1,5.584027536,1.555129137,81.3,3.350416521,7.775645685,162.6,1.116805507,15.55129137
223,27.2,5.58681955,1.558239395,81.6,3.35209173,7.791196976,163.2,1.11736391,15.58239395
224,27.3,5.589612959,1.561355874,81.9,3.353767776,7.80677937,163.8,1.117922592,15.61355874
225,27.4,5.592407766,1.564478586,82.2,3.355444659,7.822392929,164.4,1.118481553,15.64478586
226,27.5,5.59520397,1.567607543,82.5,3.357122382,7.838037715,165,1.119040794,15.67607543
227,27.6,5.598001572,1.570742758,82.8,3.358800943,7.85371379,165.6,1.119600314,15.70742758
228,27.7,5.600800572,1.573884244,83.1,3.360480343,7.869421218,166.2,1.120160114,15.73884244
229,27.8,5.603600973,1.577032012,83.4,3.362160584,7.88516006,166.8,1.120720195,15.77032012
230,27.9,5.606402773,1.580186076,83.7,3.363841664,7.90093038,167.4,1.121280555,15.80186076
231,28,5.609205975,1.583346448,84,3.365523585,7.916732241,168,1.121841195,15.83346448
232,28.1,5.612010578,1.586513141,84.3,3.367206347,7.932565705,168.6,1.122402116,15.86513141
233,28.2,5.614816583,1.589686167,84.6,3.36888995,7.948430837,169.2,1.122963317,15.89686167
234,28.3,5.617623991,1.59286554,84.9,3.370574395,7.964327699,169.8,1.123524798,15.9286554
235,28.4,5.620432803,1.596051271,85.2,3.372259682,7.980256354,170.4,1.124086561,15.96051271
236,28.5,5.62324302,1.599243373,85.5,3.373945812,7.996216867,171,1.124648604,15.99243373
237,28.6,5.626054641,1.60244186,85.8,3.375632785,8.0122093,171.6,1.125210928,16.0244186
238,28.7,5.628867668,1.605646744,86.1,3.377320601,8.028233719,172.2,1.125773534,16.05646744
239,28.8,5.631682102,1.608858037,86.4,3.379009261,8.044290186,172.8,1.12633642,16.08858037
240,28.9,5.634497943,1.612075753,86.7,3.380698766,8.060378767,173.4,1.126899589,16.12075753
241,29,5.637315192,1.615299905,87,3.382389115,8.076499524,174,1.127463038,16.15299905
242,29.1,5.64013385,1.618530505,87.3,3.38408031,8.092652523,174.6,1.12802677,16.18530505
243,29.2,5.642953917,1.621767566,87.6,3.38577235,8.108837828,175.2,1.128590783,16.21767566
244,29.3,5.645775394,1.625011101,87.9,3.387465236,8.125055504,175.8,1.129155079,16.25011101
245,29.4,5.648598281,1.628261123,88.2,3.389158969,8.141305615,176.4,1.129719656,16.28261123
246,29.5,5.651422581,1.631517645,88.5,3.390853548,8.157588226,177,1.130284516,16.31517645
247,29.6,5.654248292,1.634780681,88.8,3.392548975,8.173903403,177.6,1.130849658,16.34780681
248,29.7,5.657075416,1.638050242,89.1,3.39424525,8.19025121,178.2,1.131415083,16.38050242
249,29.8,5.659903954,1.641326342,89.4,3.395942372,8.206631712,178.8,1.131980791,16.41326342
250,29.9,5.662733906,1.644608995,89.7,3.397640343,8.223044975,179.4,1.132546781,16.44608995
251,30,5.665565273,1.647898213,90,3.399339164,8.239491065,180,1.133113055,16.47898213
252,30.1,5.668398055,1.651194009,90.3,3.401038833,8.255970047,180.6,1.133679611,16.51194009
253,30.2,5.671232254,1.654496398,90.6,3.402739353,8.272481988,181.2,1.134246451,16.54496398
254,30.3,5.67406787,1.65780539,90.9,3.404440722,8.289026952,181.8,1.134813574,16.5780539
255,30.4,5.676904904,1.661121001,91.2,3.406142943,8.305605005,182.4,1.135380981,16.61121001
256,30.5,5.679743357,1.664443243,91.5,3.407846014,8.322216215,183,1.135948671,16.64443243
257,30.6,5.682583229,1.66777213,91.8,3.409549937,8.338860648,183.6,1.136516646,16.6777213
258,30.7,5.68542452,1.671107674,92.1,3.411254712,8.355538369,184.2,1.137084904,16.71107674
259,30.8,5.688267232,1.674449889,92.4,3.412960339,8.372249446,184.8,1.137653446,16.74449889
260,30.9,5.691111366,1.677798789,92.7,3.41466682,8.388993945,185.4,1.138222273,16.77798789
261,31,5.693956922,1.681154387,93,3.416374153,8.405771933,186,1.138791384,16.81154387
262,31.1,5.6968039,1.684516695,93.3,3.41808234,8.422583477,186.6,1.13936078,16.84516695
263,31.2,5.699652302,1.687885729,93.6,3.419791381,8.439428644,187.2,1.13993046,16.87885729
264,31.3,5.702502128,1.6912615,93.9,3.421501277,8.456307501,187.8,1.140500426,16.912615
265,31.4,5.705353379,1.694644023,94.2,3.423212028,8.473220116,188.4,1.141070676,16.94644023
266,31.5,5.708206056,1.698033311,94.5,3.424923634,8.490166556,189,1.141641211,16.98033311
267,31.6,5.711060159,1.701429378,94.8,3.426636095,8.507146889,189.6,1.142212032,17.01429378
268,31.7,5.713915689,1.704832237,95.1,3.428349413,8.524161183,190.2,1.142783138,17.04832237
269,31.8,5.716772647,1.708241901,95.4,3.430063588,8.541209505,190.8,1.143354529,17.08241901
270,31.9,5.719631033,1.711658385,95.7,3.43177862,8.558291924,191.4,1.143926207,17.11658385
271,32,5.722490849,1.715081702,96,3.433494509,8.575408508,192,1.14449817,17.15081702
272,32.1,5.725352094,1.718511865,96.3,3.435211257,8.592559325,192.6,1.145070419,17.18511865
273,32.2,5.72821477,1.721948889,96.6,3.436928862,8.609744444,193.2,1.145642954,17.21948889
274,32.3,5.731078878,1.725392787,96.9,3.438647327,8.626963933,193.8,1.146215776,17.25392787
275,32.4,5.733944417,1.728843572,97.2,3.44036665,8.644217861,194.4,1.146788883,17.28843572
276,32.5,5.736811389,1.732301259,97.5,3.442086834,8.661506296,195,1.147362278,17.32301259
277,32.6,5.739679795,1.735765862,97.8,3.443807877,8.678829309,195.6,1.147935959,17.35765862
278,32.7,5.742549635,1.739237394,98.1,3.445529781,8.696186968,196.2,1.148509927,17.39237394
279,32.8,5.74542091,1.742715868,98.4,3.447252546,8.713579341,196.8,1.149084182,17.42715868
280,32.9,5.74829362,1.7462013,98.7,3.448976172,8.7310065,197.4,1.149658724,17.462013
281,33,5.751167767,1.749693703,99,3.45070066,8.748468513,198,1.150233553,17.49693703
282,33.1,5.754043351,1.75319309,99.3,3.452426011,8.76596545,198.6,1.15080867,17.5319309
283,33.2,5.756920373,1.756699476,99.6,3.454152224,8.783497381,199.2,1.151384075,17.56699476
284,33.3,5.759798833,1.760212875,99.9,3.4558793,8.801064376,199.8,1.151959767,17.60212875
285,33.4,5.762678732,1.763733301,100.2,3.457607239,8.818666505,200.4,1.152535746,17.63733301
286,33.5,5.765560071,1.767260768,100.5,3.459336043,8.836303838,201,1.153112014,17.67260768
287,33.6,5.768442852,1.770795289,100.8,3.461065711,8.853976445,201.6,1.15368857,17.70795289
288,33.7,5.771327073,1.77433688,101.1,3.462796244,8.871684398,202.2,1.154265415,17.7433688
289,33.8,5.774212736,1.777885553,101.4,3.464527642,8.889427767,202.8,1.154842547,17.77885553
290,33.9,5.777099843,1.781441325,101.7,3.466259906,8.907206623,203.4,1.155419969,17.81441325
291,34,5.779988393,1.785004207,102,3.467993036,8.925021036,204,1.155997679,17.85004207
292,34.1,5.782878387,1.788574216,102.3,3.469727032,8.942871078,204.6,1.156575677,17.88574216
293,34.2,5.785769826,1.792151364,102.6,3.471461896,8.96075682,205.2,1.157153965,17.92151364
294,34.3,5.788662711,1.795735667,102.9,3.473197627,8.978678334,205.8,1.157732542,17.95735667
295,34.4,5.791557042,1.799327138,103.2,3.474934225,8.99663569,206.4,1.158311408,17.99327138
296,34.5,5.794452821,1.802925792,103.5,3.476671693,9.014628962,207,1.158890564,18.02925792
297,34.6,5.797350047,1.806531644,103.8,3.478410028,9.03265822,207.6,1.159470009,18.06531644
298,34.7,5.800248722,1.810144707,104.1,3.480149233,9.050723536,208.2,1.160049744,18.10144707
299,34.8,5.803148847,1.813764997,104.4,3.481889308,9.068824983,208.8,1.160629769,18.13764997
300,34.9,5.806050421,1.817392527,104.7,3.483630253,9.086962633,209.4,1.161210084,18.17392527
301,35,5.808953446,1.821027312,105,3.485372068,9.105136558,210,1.161790689,18.21027312
302,35.1,5.811857923,1.824669366,105.3,3.487114754,9.123346831,210.6,1.162371585,18.24669366
303,35.2,5.814763852,1.828318705,105.6,3.488858311,9.141593525,211.2,1.16295277,18.28318705
304,35.3,5.817671234,1.831975342,105.9,3.49060274,9.159876712,211.8,1.163534247,18.31975342
305,35.4,5.82058007,1.835639293,106.2,3.492348042,9.178196466,212.4,1.164116014,18.35639293
306,35.5,5.82349036,1.839310572,106.5,3.494094216,9.196552859,213,1.164698072,18.39310572
307,35.6,5.826402105,1.842989193,106.8,3.495841263,9.214945964,213.6,1.165280421,18.42989193
308,35.7,5.829315306,1.846675171,107.1,3.497589184,9.233375856,214.2,1.165863061,18.46675171
309,35.8,5.832229964,1.850368522,107.4,3.499337978,9.251842608,214.8,1.166445993,18.50368522
310,35.9,5.835146079,1.854069259,107.7,3.501087647,9.270346293,215.4,1.167029216,18.54069259
311,36,5.838063652,1.857777397,108,3.502838191,9.288886986,216,1.16761273,18.57777397
312,36.1,5.840982683,1.861492952,108.3,3.50458961,9.30746476,216.6,1.168196537,18.61492952
313,36.2,5.843903175,1.865215938,108.6,3.506341905,9.326079689,217.2,1.168780635,18.65215938
314,36.3,5.846825126,1.86894637,108.9,3.508095076,9.344731849,217.8,1.169365025,18.6894637
315,36.4,5.849748539,1.872684262,109.2,3.509849123,9.363421312,218.4,1.169949708,18.72684262
316,36.5,5.852673413,1.876429631,109.5,3.511604048,9.382148155,219,1.170534683,18.76429631
317,36.6,5.85559975,1.88018249,109.8,3.51335985,9.400912451,219.6,1.17111995,18.8018249
318,36.7,5.85852755,1.883942855,110.1,3.51511653,9.419714276,220.2,1.17170551,18.83942855
319,36.8,5.861456814,1.887710741,110.4,3.516874088,9.438553705,220.8,1.172291363,18.87710741
320,36.9,5.864387542,1.891486162,110.7,3.518632525,9.457430812,221.4,1.172877508,18.91486162
321,37,5.867319736,1.895269135,111,3.520391841,9.476345674,222,1.173463947,18.95269135
322,37.1,5.870253396,1.899059673,111.3,3.522152037,9.495298365,222.6,1.174050679,18.99059673
323,37.2,5.873188522,1.902857792,111.6,3.523913113,9.514288962,223.2,1.174637704,19.02857792
324,37.3,5.876125117,1.906663508,111.9,3.52567507,9.53331754,223.8,1.175225023,19.06663508
325,37.4,5.879063179,1.910476835,112.2,3.527437907,9.552384175,224.4,1.175812636,19.10476835
326,37.5,5.882002711,1.914297789,112.5,3.529201626,9.571488943,225,1.176400542,19.14297789
327,37.6,5.884943712,1.918126384,112.8,3.530966227,9.590631921,225.6,1.176988742,19.18126384
328,37.7,5.887886184,1.921962637,113.1,3.53273171,9.609813185,226.2,1.177577237,19.21962637
329,37.8,5.890830127,1.925806562,113.4,3.534498076,9.629032811,226.8,1.178166025,19.25806562
330,37.9,5.893775542,1.929658175,113.7,3.536265325,9.648290877,227.4,1.178755108,19.29658175
331,38,5.89672243,1.933517492,114,3.538033458,9.667587459,228,1.179344486,19.33517492
332,38.1,5.899670791,1.937384527,114.3,3.539802475,9.686922633,228.6,1.179934158,19.37384527
333,38.2,5.902620626,1.941259296,114.6,3.541572376,9.706296479,229.2,1.180524125,19.41259296
334,38.3,5.905571937,1.945141814,114.9,3.543343162,9.725709072,229.8,1.181114387,19.45141814
335,38.4,5.908524723,1.949032098,115.2,3.545114834,9.74516049,230.4,1.181704945,19.49032098
336,38.5,5.911478985,1.952930162,115.5,3.546887391,9.764650811,231,1.182295797,19.52930162
337,38.6,5.914434725,1.956836022,115.8,3.548660835,9.784180112,231.6,1.182886945,19.56836022
338,38.7,5.917391942,1.960749695,116.1,3.550435165,9.803748473,232.2,1.183478388,19.60749695
339,38.8,5.920350638,1.964671194,116.4,3.552210383,9.82335597,232.8,1.184070128,19.64671194
340,38.9,5.923310813,1.968600536,116.7,3.553986488,9.843002682,233.4,1.184662163,19.68600536
341,39,5.926272469,1.972537737,117,3.555763481,9.862688687,234,1.185254494,19.72537737
342,39.1,5.929235605,1.976482813,117.3,3.557541363,9.882414064,234.6,1.185847121,19.76482813
343,39.2,5.932200223,1.980435778,117.6,3.559320134,9.902178892,235.2,1.186440045,19.80435778
344,39.3,5.935166323,1.98439665,117.9,3.561099794,9.92198325,235.8,1.187033265,19.8439665
345,39.4,5.938133906,1.988365443,118.2,3.562880344,9.941827217,236.4,1.187626781,19.88365443
346,39.5,5.941102973,1.992342174,118.5,3.564661784,9.961710871,237,1.188220595,19.92342174
347,39.6,5.944073524,1.996326859,118.8,3.566444115,9.981634293,237.6,1.188814705,19.96326859
348,39.7,5.947045561,2.000319512,119.1,3.568227337,10.00159756,238.2,1.189409112,20.00319512
349,39.8,5.950019084,2.004320151,119.4,3.57001145,10.02160076,238.8,1.190003817,20.04320151
350,39.9,5.952994093,2.008328792,119.7,3.571796456,10.04164396,239.4,1.190598819,20.08328792
351,40,5.95597059,2.012345449,120,3.573582354,10.06172725,240,1.191194118,20.12345449
352,40.1,5.958948576,2.01637014,120.3,3.575369145,10.0818507,240.6,1.191789715,20.1637014
353,40.2,5.96192805,2.02040288,120.6,3.57715683,10.1020144,241.2,1.19238561,20.2040288
354,40.3,5.964909014,2.024443686,120.9,3.578945408,10.12221843,241.8,1.192981803,20.24443686
355,40.4,5.967891469,2.028492574,121.2,3.580734881,10.14246287,242.4,1.193578294,20.28492574
356,40.5,5.970875414,2.032549559,121.5,3.582525249,10.16274779,243,1.194175083,20.32549559
357,40.6,5.973860852,2.036614658,121.8,3.584316511,10.18307329,243.6,1.19477217,20.36614658
358,40.7,5.976847782,2.040687887,122.1,3.586108669,10.20343944,244.2,1.195369556,20.40687887
359,40.8,5.979836206,2.044769263,122.4,3.587901724,10.22384631,244.8,1.195967241,20.44769263
360,40.9,5.982826124,2.048858801,122.7,3.589695675,10.24429401,245.4,1.196565225,20.48858801
361,41,5.985817538,2.052956519,123,3.591490523,10.26478259,246,1.197163508,20.52956519
362,41.1,5.988810446,2.057062432,123.3,3.593286268,10.28531216,246.6,1.197762089,20.57062432
363,41.2,5.991804852,2.061176557,123.6,3.595082911,10.30588278,247.2,1.19836097,20.61176557
364,41.3,5.994800754,2.06529891,123.9,3.596880452,10.32649455,247.8,1.198960151,20.6529891
365,41.4,5.997798154,2.069429508,124.2,3.598678893,10.34714754,248.4,1.199559631,20.69429508
366,41.5,6.000797053,2.073568367,124.5,3.600478232,10.36784183,249,1.200159411,20.73568367
367,41.6,6.003797452,2.077715504,124.8,3.602278471,10.38857752,249.6,1.20075949,20.77715504
368,41.7,6.006799351,2.081870935,125.1,3.60407961,10.40935467,250.2,1.20135987,20.81870935
369,41.8,6.00980275,2.086034676,125.4,3.60588165,10.43017338,250.8,1.20196055,20.86034676
370,41.9,6.012807652,2.090206746,125.7,3.607684591,10.45103373,251.4,1.20256153,20.90206746
371,42,6.015814056,2.094387159,126,3.609488433,10.4719358,252,1.203162811,20.94387159
372,42.1,6.018821963,2.098575934,126.3,3.611293178,10.49287967,252.6,1.203764393,20.98575934
373,42.2,6.021831374,2.102773085,126.6,3.613098824,10.51386543,253.2,1.204366275,21.02773085
374,42.3,6.024842289,2.106978632,126.9,3.614905374,10.53489316,253.8,1.204968458,21.06978632
375,42.4,6.02785471,2.111192589,127.2,3.616712826,10.55596294,254.4,1.205570942,21.11192589
376,42.5,6.030868638,2.115414974,127.5,3.618521183,10.57707487,255,1.206173728,21.15414974
377,42.6,6.033884072,2.119645804,127.8,3.620330443,10.59822902,255.6,1.206776814,21.19645804
378,42.7,6.036901014,2.123885096,128.1,3.622140608,10.61942548,256.2,1.207380203,21.23885096
379,42.8,6.039919465,2.128132866,128.4,3.623951679,10.64066433,256.8,1.207983893,21.28132866
380,42.9,6.042939424,2.132389132,128.7,3.625763655,10.66194566,257.4,1.208587885,21.32389132
381,43,6.045960894,2.13665391,129,3.627576536,10.68326955,258,1.209192179,21.3665391
382,43.1,6.048983874,2.140927218,129.3,3.629390325,10.70463609,258.6,1.209796775,21.40927218
383,43.2,6.052008366,2.145209072,129.6,3.63120502,10.72604536,259.2,1.210401673,21.45209072
384,43.3,6.055034371,2.14949949,129.9,3.633020622,10.74749745,259.8,1.211006874,21.4949949
385,43.4,6.058061888,2.153798489,130.2,3.634837133,10.76899245,260.4,1.211612378,21.53798489
386,43.5,6.061090919,2.158106086,130.5,3.636654551,10.79053043,261,1.212218184,21.58106086
387,43.6,6.064121464,2.162422298,130.8,3.638472879,10.81211149,261.6,1.212824293,21.62422298
388,43.7,6.067153525,2.166747143,131.1,3.640292115,10.83373571,262.2,1.213430705,21.66747143
389,43.8,6.070187102,2.171080637,131.4,3.642112261,10.85540319,262.8,1.21403742,21.71080637
390,43.9,6.073222195,2.175422799,131.7,3.643933317,10.87711399,263.4,1.214644439,21.75422799
391,44,6.076258806,2.179773644,132,3.645755284,10.89886822,264,1.215251761,21.79773644
392,44.1,6.079296936,2.184133191,132.3,3.647578161,10.92066596,264.6,1.215859387,21.84133191
393,44.2,6.082336584,2.188501458,132.6,3.649401951,10.94250729,265.2,1.216467317,21.88501458
394,44.3,6.085377752,2.192878461,132.9,3.651226651,10.9643923,265.8,1.21707555,21.92878461
395,44.4,6.088420441,2.197264218,133.2,3.653052265,10.98632109,266.4,1.217684088,21.97264218
396,44.5,6.091464652,2.201658746,133.5,3.654878791,11.00829373,267,1.21829293,22.01658746
397,44.6,6.094510384,2.206062064,133.8,3.65670623,11.03031032,267.6,1.218902077,22.06062064
398,44.7,6.097557639,2.210474188,134.1,3.658534583,11.05237094,268.2,1.219511528,22.10474188
399,44.8,6.100606418,2.214895136,134.4,3.660363851,11.07447568,268.8,1.220121284,22.14895136
400,44.9,6.103656721,2.219324926,134.7,3.662194033,11.09662463,269.4,1.220731344,22.19324926
401,45,6.106708549,2.223763576,135,3.66402513,11.11881788,270,1.22134171,22.23763576
402,45.1,6.109761904,2.228211103,135.3,3.665857142,11.14105552,270.6,1.221952381,22.28211103
403,45.2,6.112816785,2.232667526,135.6,3.667690071,11.16333763,271.2,1.222563357,22.32667526
404,45.3,6.115873193,2.237132861,135.9,3.669523916,11.1856643,271.8,1.223174639,22.37132861
405,45.4,6.11893113,2.241607126,136.2,3.671358678,11.20803563,272.4,1.223786226,22.41607126
406,45.5,6.121990595,2.246090341,136.5,3.673194357,11.2304517,273,1.224398119,22.46090341
407,45.6,6.125051591,2.250582521,136.8,3.675030954,11.25291261,273.6,1.225010318,22.50582521
408,45.7,6.128114116,2.255083686,137.1,3.67686847,11.27541843,274.2,1.225622823,22.55083686
409,45.8,6.131178173,2.259593854,137.4,3.678706904,11.29796927,274.8,1.226235635,22.59593854
410,45.9,6.134243763,2.264113041,137.7,3.680546258,11.32056521,275.4,1.226848753,22.64113041
411,46,6.137310884,2.268641267,138,3.682386531,11.34320634,276,1.227462177,22.68641267
412,46.1,6.14037954,2.27317855,138.3,3.684227724,11.36589275,276.6,1.228075908,22.7317855
413,46.2,6.14344973,2.277724907,138.6,3.686069838,11.38862454,277.2,1.228689946,22.77724907
414,46.3,6.146521454,2.282280357,138.9,3.687912873,11.41140178,277.8,1.229304291,22.82280357
415,46.4,6.149594715,2.286844918,139.2,3.689756829,11.43422459,278.4,1.229918943,22.86844918
416,46.5,6.152669513,2.291418607,139.5,3.691601708,11.45709304,279,1.230533903,22.91418607
417,46.6,6.155745847,2.296001445,139.8,3.693447508,11.48000722,279.6,1.231149169,22.96001445
418,46.7,6.15882372,2.300593448,140.1,3.695294232,11.50296724,280.2,1.231764744,23.00593448
419,46.8,6.161903132,2.305194634,140.4,3.697141879,11.52597317,280.8,1.232380626,23.05194634
420,46.9,6.164984084,2.309805024,140.7,3.69899045,11.54902512,281.4,1.232996817,23.09805024
421,47,6.168066576,2.314424634,141,3.700839945,11.57212317,282,1.233613315,23.14424634
422,47.1,6.171150609,2.319053483,141.3,3.702690365,11.59526742,282.6,1.234230122,23.19053483
423,47.2,6.174236184,2.32369159,141.6,3.704541711,11.61845795,283.2,1.234847237,23.2369159
424,47.3,6.177323302,2.328338973,141.9,3.706393981,11.64169487,283.8,1.23546466,23.28338973
425,47.4,6.180411964,2.332995651,142.2,3.708247178,11.66497826,284.4,1.236082393,23.32995651
426,47.5,6.18350217,2.337661642,142.5,3.710101302,11.68830821,285,1.236700434,23.37661642
427,47.6,6.186593921,2.342336966,142.8,3.711956353,11.71168483,285.6,1.237318784,23.42336966
428,47.7,6.189687218,2.34702164,143.1,3.713812331,11.7351082,286.2,1.237937444,23.4702164
429,47.8,6.192782062,2.351715683,143.4,3.715669237,11.75857841,286.8,1.238556412,23.51715683
430,47.9,6.195878453,2.356419114,143.7,3.717527072,11.78209557,287.4,1.239175691,23.56419114
431,48,6.198976392,2.361131953,144,3.719385835,11.80565976,288,1.239795278,23.61131953
432,48.1,6.20207588,2.365854216,144.3,3.721245528,11.82927108,288.6,1.240415176,23.65854216
433,48.2,6.205176918,2.370585925,144.6,3.723106151,11.85292962,289.2,1.241035384,23.70585925
434,48.3,6.208279507,2.375327097,144.9,3.724967704,11.87663548,289.8,1.241655901,23.75327097
435,48.4,6.211383646,2.380077751,145.2,3.726830188,11.90038875,290.4,1.242276729,23.80077751
436,48.5,6.214489338,2.384837906,145.5,3.728693603,11.92418953,291,1.242897868,23.84837906
437,48.6,6.217596583,2.389607582,145.8,3.73055795,11.94803791,291.6,1.243519317,23.89607582
438,48.7,6.220705381,2.394386797,146.1,3.732423229,11.97193399,292.2,1.244141076,23.94386797
439,48.8,6.223815734,2.399175571,146.4,3.73428944,11.99587785,292.8,1.244763147,23.99175571
440,48.9,6.226927642,2.403973922,146.7,3.736156585,12.01986961,293.4,1.245385528,24.03973922
441,49,6.230041105,2.40878187,147,3.738024663,12.04390935,294,1.246008221,24.0878187
442,49.1,6.233156126,2.413599434,147.3,3.739893676,12.06799717,294.6,1.246631225,24.13599434
443,49.2,6.236272704,2.418426633,147.6,3.741763622,12.09213316,295.2,1.247254541,24.18426633
444,49.3,6.23939084,2.423263486,147.9,3.743634504,12.11631743,295.8,1.247878168,24.23263486
445,49.4,6.242510536,2.428110013,148.2,3.745506321,12.14055006,296.4,1.248502107,24.28110013
446,49.5,6.245631791,2.432966233,148.5,3.747379075,12.16483116,297,1.249126358,24.32966233
447,49.6,6.248754607,2.437832165,148.8,3.749252764,12.18916083,297.6,1.249750921,24.37832165
448,49.7,6.251878984,2.44270783,149.1,3.751127391,12.21353915,298.2,1.250375797,24.4270783
449,49.8,6.255004924,2.447593245,149.4,3.753002954,12.23796623,298.8,1.251000985,24.47593245
450,49.9,6.258132426,2.452488432,149.7,3.754879456,12.26244216,299.4,1.251626485,24.52488432
451,50,6.261261492,2.457393409,150,3.756756895,12.28696704,300,1.252252298,24.57393409
452,50.1,6.264392123,2.462308195,150.3,3.758635274,12.31154098,300.6,1.252878425,24.62308195
453,50.2,6.267524319,2.467232812,150.6,3.760514592,12.33616406,301.2,1.253504864,24.67232812
454,50.3,6.270658081,2.472167277,150.9,3.762394849,12.36083639,301.8,1.254131616,24.72167277
455,50.4,6.27379341,2.477111612,151.2,3.764276046,12.38555806,302.4,1.254758682,24.77111612
456,50.5,6.276930307,2.482065835,151.5,3.766158184,12.41032918,303,1.255386061,24.82065835
457,50.6,6.280068772,2.487029967,151.8,3.768041263,12.43514983,303.6,1.256013754,24.87029967
458,50.7,6.283208807,2.492004027,152.1,3.769925284,12.46002013,304.2,1.256641761,24.92004027
459,50.8,6.286350411,2.496988035,152.4,3.771810247,12.48494017,304.8,1.257270082,24.96988035
460,50.9,6.289493586,2.501982011,152.7,3.773696152,12.50991005,305.4,1.257898717,25.01982011
461,51,6.292638333,2.506985975,153,3.775583,12.53492988,306,1.258527667,25.06985975
462,51.1,6.295784652,2.511999947,153.3,3.777470791,12.55999973,306.6,1.25915693,25.11999947
463,51.2,6.298932545,2.517023947,153.6,3.779359527,12.58511973,307.2,1.259786509,25.17023947
464,51.3,6.302082011,2.522057995,153.9,3.781249207,12.61028997,307.8,1.260416402,25.22057995
465,51.4,6.305233052,2.527102111,154.2,3.783139831,12.63551055,308.4,1.26104661,25.27102111
466,51.5,6.308385668,2.532156315,154.5,3.785031401,12.66078157,309,1.261677134,25.32156315
467,51.6,6.311539861,2.537220628,154.8,3.786923917,12.68610314,309.6,1.262307972,25.37220628
468,51.7,6.314695631,2.542295069,155.1,3.788817379,12.71147534,310.2,1.262939126,25.42295069
469,51.8,6.317852979,2.547379659,155.4,3.790711787,12.73689829,310.8,1.263570596,25.47379659
470,51.9,6.321011905,2.552474418,155.7,3.792607143,12.76237209,311.4,1.264202381,25.52474418
471,52,6.324172411,2.557579367,156,3.794503447,12.78789684,312,1.264834482,25.57579367
472,52.1,6.327334498,2.562694526,156.3,3.796400699,12.81347263,312.6,1.2654669,25.62694526
473,52.2,6.330498165,2.567819915,156.6,3.798298899,12.83909957,313.2,1.266099633,25.67819915
474,52.3,6.333663414,2.572955555,156.9,3.800198048,12.86477777,313.8,1.266732683,25.72955555
475,52.4,6.336830246,2.578101466,157.2,3.802098147,12.89050733,314.4,1.267366049,25.78101466
476,52.5,6.339998661,2.583257669,157.5,3.803999196,12.91628834,315,1.267999732,25.83257669
477,52.6,6.34316866,2.588424184,157.8,3.805901196,12.94212092,315.6,1.268633732,25.88424184
478,52.7,6.346340244,2.593601033,158.1,3.807804147,12.96800516,316.2,1.269268049,25.93601033
479,52.8,6.349513415,2.598788235,158.4,3.809708049,12.99394117,316.8,1.269902683,25.98788235
480,52.9,6.352688171,2.603985811,158.7,3.811612903,13.01992906,317.4,1.270537634,26.03985811
481,53,6.355864515,2.609193783,159,3.813518709,13.04596891,318,1.271172903,26.09193783
482,53.1,6.359042448,2.61441217,159.3,3.815425469,13.07206085,318.6,1.27180849,26.1441217
483,53.2,6.362221969,2.619640995,159.6,3.817333181,13.09820497,319.2,1.272444394,26.19640995
484,53.3,6.36540308,2.624880277,159.9,3.819241848,13.12440138,319.8,1.273080616,26.24880277
485,53.4,6.368585781,2.630130037,160.2,3.821151469,13.15065019,320.4,1.273717156,26.30130037
486,53.5,6.371770074,2.635390297,160.5,3.823062045,13.17695149,321,1.274354015,26.35390297
487,53.6,6.374955959,2.640661078,160.8,3.824973576,13.20330539,321.6,1.274991192,26.40661078
488,53.7,6.378143437,2.6459424,161.1,3.826886062,13.229712,322.2,1.275628687,26.459424
489,53.8,6.381332509,2.651234285,161.4,3.828799505,13.25617142,322.8,1.276266502,26.51234285
490,53.9,6.384523175,2.656536753,161.7,3.830713905,13.28268377,323.4,1.276904635,26.56536753
491,54,6.387715437,2.661849827,162,3.832629262,13.30924913,324,1.277543087,26.61849827
492,54.1,6.390909295,2.667173526,162.3,3.834545577,13.33586763,324.6,1.278181859,26.67173526
493,54.2,6.394104749,2.672507874,162.6,3.83646285,13.36253937,325.2,1.27882095,26.72507874
494,54.3,6.397301802,2.677852889,162.9,3.838381081,13.38926445,325.8,1.27946036,26.77852889
495,54.4,6.400500452,2.683208595,163.2,3.840300271,13.41604298,326.4,1.28010009,26.83208595
496,54.5,6.403700703,2.688575012,163.5,3.842220422,13.44287506,327,1.280740141,26.88575012
497,54.6,6.406902553,2.693952162,163.8,3.844141532,13.46976081,327.6,1.281380511,26.93952162
498,54.7,6.410106004,2.699340067,164.1,3.846063603,13.49670033,328.2,1.282021201,26.99340067
499,54.8,6.413311057,2.704738747,164.4,3.847986634,13.52369373,328.8,1.282662211,27.04738747
500,54.9,6.416517713,2.710148224,164.7,3.849910628,13.55074112,329.4,1.283303543,27.10148224
501,55,6.419725972,2.715568521,165,3.851835583,13.5778426,330,1.283945194,27.15568521
502,55.1,6.422935835,2.720999658,165.3,3.853761501,13.60499829,330.6,1.284587167,27.20999658
503,55.2,6.426147303,2.726441657,165.6,3.855688382,13.63220829,331.2,1.285229461,27.26441657
504,55.3,6.429360376,2.73189454,165.9,3.857616226,13.6594727,331.8,1.285872075,27.3189454
505,55.4,6.432575056,2.737358329,166.2,3.859545034,13.68679165,332.4,1.286515011,27.37358329
506,55.5,6.435791344,2.742833046,166.5,3.861474806,13.71416523,333,1.287158269,27.42833046
507,55.6,6.43900924,2.748318712,166.8,3.863405544,13.74159356,333.6,1.287801848,27.48318712
508,55.7,6.442228744,2.75381535,167.1,3.865337247,13.76907675,334.2,1.288445749,27.5381535
509,55.8,6.445449859,2.75932298,167.4,3.867269915,13.7966149,334.8,1.289089972,27.5932298
510,55.9,6.448672584,2.764841626,167.7,3.86920355,13.82420813,335.4,1.289734517,27.64841626
511,56,6.45189692,2.770371309,168,3.871138152,13.85185655,336,1.290379384,27.70371309
512,56.1,6.455122868,2.775912052,168.3,3.873073721,13.87956026,336.6,1.291024574,27.75912052
513,56.2,6.45835043,2.781463876,168.6,3.875010258,13.90731938,337.2,1.291670086,27.81463876
514,56.3,6.461579605,2.787026804,168.9,3.876947763,13.93513402,337.8,1.292315921,27.87026804
515,56.4,6.464810395,2.792600858,169.2,3.878886237,13.96300429,338.4,1.292962079,27.92600858
516,56.5,6.4680428,2.798186059,169.5,3.88082568,13.9909303,339,1.29360856,27.98186059
517,56.6,6.471276821,2.803782431,169.8,3.882766093,14.01891216,339.6,1.294255364,28.03782431
518,56.7,6.47451246,2.809389996,170.1,3.884707476,14.04694998,340.2,1.294902492,28.09389996
519,56.8,6.477749716,2.815008776,170.4,3.88664983,14.07504388,340.8,1.295549943,28.15008776
520,56.9,6.480988591,2.820638794,170.7,3.888593155,14.10319397,341.4,1.296197718,28.20638794
521,57,6.484229085,2.826280071,171,3.890537451,14.13140036,342,1.296845817,28.26280071
522,57.1,6.4874712,2.831932632,171.3,3.89248272,14.15966316,342.6,1.29749424,28.31932632
523,57.2,6.490714935,2.837596497,171.6,3.894428961,14.18798248,343.2,1.298142987,28.37596497
524,57.3,6.493960293,2.84327169,171.9,3.896376176,14.21635845,343.8,1.298792059,28.4327169
525,57.4,6.497207273,2.848958233,172.2,3.898324364,14.24479117,344.4,1.299441455,28.48958233
526,57.5,6.500455877,2.85465615,172.5,3.900273526,14.27328075,345,1.300091175,28.5465615
527,57.6,6.503706105,2.860365462,172.8,3.902223663,14.30182731,345.6,1.300741221,28.60365462
528,57.7,6.506957958,2.866086193,173.1,3.904174775,14.33043096,346.2,1.301391592,28.66086193
529,57.8,6.510211437,2.871818365,173.4,3.906126862,14.35909183,346.8,1.302042287,28.71818365
530,57.9,6.513466542,2.877562002,173.7,3.908079925,14.38781001,347.4,1.302693308,28.77562002
531,58,6.516723276,2.883317126,174,3.910033965,14.41658563,348,1.303344655,28.83317126
532,58.1,6.519981637,2.88908376,174.3,3.911988982,14.4454188,348.6,1.303996327,28.8908376
533,58.2,6.523241628,2.894861928,174.6,3.913944977,14.47430964,349.2,1.304648326,28.94861928
534,58.3,6.526503249,2.900651652,174.9,3.915901949,14.50325826,349.8,1.30530065,29.00651652
535,58.4,6.5297665,2.906452955,175.2,3.9178599,14.53226477,350.4,1.3059533,29.06452955
536,58.5,6.533031384,2.912265861,175.5,3.91981883,14.5613293,351,1.306606277,29.12265861
537,58.6,6.536297899,2.918090393,175.8,3.92177874,14.59045196,351.6,1.30725958,29.18090393
538,58.7,6.539566048,2.923926573,176.1,3.923739629,14.61963287,352.2,1.30791321,29.23926573
539,58.8,6.542835831,2.929774426,176.4,3.925701499,14.64887213,352.8,1.308567166,29.29774426
540,58.9,6.546107249,2.935633975,176.7,3.92766435,14.67816988,353.4,1.30922145,29.35633975
541,59,6.549380303,2.941505243,177,3.929628182,14.70752622,354,1.309876061,29.41505243
542,59.1,6.552654993,2.947388254,177.3,3.931592996,14.73694127,354.6,1.310530999,29.47388254
543,59.2,6.555931321,2.95328303,177.6,3.933558792,14.76641515,355.2,1.311186264,29.5328303
544,59.3,6.559209286,2.959189596,177.9,3.935525572,14.79594798,355.8,1.311841857,29.59189596
545,59.4,6.562488891,2.965107976,178.2,3.937493335,14.82553988,356.4,1.312497778,29.65107976
546,59.5,6.565770135,2.971038191,178.5,3.939462081,14.85519096,357,1.313154027,29.71038191
547,59.6,6.56905302,2.976980268,178.8,3.941431812,14.88490134,357.6,1.313810604,29.76980268
548,59.7,6.572337547,2.982934228,179.1,3.943402528,14.91467114,358.2,1.314467509,29.82934228
549,59.8,6.575623716,2.988900097,179.4,3.945374229,14.94450048,358.8,1.315124743,29.88900097
550,59.9,6.578911527,2.994877897,179.7,3.947346916,14.97438949,359.4,1.315782305,29.94877897
551,60,6.582200983,3.000867653,180,3.94932059,15.00433826,360,1.316440197,30.00867653
552,60.1,6.585492084,3.006869388,180.3,3.95129525,15.03434694,360.6,1.317098417,30.06869388
553,60.2,6.58878483,3.012883127,180.6,3.953270898,15.06441563,361.2,1.317756966,30.12883127
554,60.3,6.592079222,3.018908893,180.9,3.955247533,15.09454447,361.8,1.318415844,30.18908893
555,60.4,6.595375262,3.024946711,181.2,3.957225157,15.12473355,362.4,1.319075052,30.24946711
556,60.5,6.598672949,3.030996604,181.5,3.95920377,15.15498302,363,1.31973459,30.30996604
557,60.6,6.601972286,3.037058598,181.8,3.961183372,15.18529299,363.6,1.320394457,30.37058598
558,60.7,6.605273272,3.043132715,182.1,3.963163963,15.21566357,364.2,1.321054654,30.43132715
559,60.8,6.608575909,3.04921898,182.4,3.965145545,15.2460949,364.8,1.321715182,30.4921898
560,60.9,6.611880197,3.055317418,182.7,3.967128118,15.27658709,365.4,1.322376039,30.55317418
561,61,6.615186137,3.061428053,183,3.969111682,15.30714027,366,1.323037227,30.61428053
562,61.1,6.61849373,3.067550909,183.3,3.971096238,15.33775455,366.6,1.323698746,30.67550909
563,61.2,6.621802977,3.073686011,183.6,3.973081786,15.36843005,367.2,1.324360595,30.73686011
564,61.3,6.625113878,3.079833383,183.9,3.975068327,15.39916691,367.8,1.325022776,30.79833383
565,61.4,6.628426435,3.08599305,184.2,3.977055861,15.42996525,368.4,1.325685287,30.8599305
566,61.5,6.631740648,3.092165036,184.5,3.979044389,15.46082518,369,1.32634813,30.92165036
567,61.6,6.635056519,3.098349366,184.8,3.981033911,15.49174683,369.6,1.327011304,30.98349366
568,61.7,6.638374047,3.104546065,185.1,3.983024428,15.52273032,370.2,1.327674809,31.04546065
569,61.8,6.641693234,3.110755157,185.4,3.98501594,15.55377578,370.8,1.328338647,31.10755157
570,61.9,6.645014081,3.116976667,185.7,3.987008448,15.58488334,371.4,1.329002816,31.16976667
571,62,6.648336588,3.12321062,186,3.989001953,15.6160531,372,1.329667318,31.2321062
572,62.1,6.651660756,3.129457042,186.3,3.990996454,15.64728521,372.6,1.330332151,31.29457042
573,62.2,6.654986586,3.135715956,186.6,3.992991952,15.67857978,373.2,1.330997317,31.35715956
574,62.3,6.65831408,3.141987388,186.9,3.994988448,15.70993694,373.8,1.331662816,31.41987388
575,62.4,6.661643237,3.148271362,187.2,3.996985942,15.74135681,374.4,1.332328647,31.48271362
576,62.5,6.664974058,3.154567905,187.5,3.998984435,15.77283953,375,1.332994812,31.54567905
577,62.6,6.668306545,3.160877041,187.8,4.000983927,15.8043852,375.6,1.333661309,31.60877041
578,62.7,6.671640699,3.167198795,188.1,4.002984419,15.83599398,376.2,1.33432814,31.67198795
579,62.8,6.674976519,3.173533193,188.4,4.004985911,15.86766596,376.8,1.334995304,31.73533193
580,62.9,6.678314007,3.179880259,188.7,4.006988404,15.8994013,377.4,1.335662801,31.79880259
581,63,6.681653164,3.18624002,189,4.008991898,15.9312001,378,1.336330633,31.8624002
582,63.1,6.684993991,3.1926125,189.3,4.010996394,15.9630625,378.6,1.336998798,31.926125
583,63.2,6.688336488,3.198997725,189.6,4.013001893,15.99498862,379.2,1.337667298,31.98997725
584,63.3,6.691680656,3.20539572,189.9,4.015008394,16.0269786,379.8,1.338336131,32.0539572
585,63.4,6.695026496,3.211806511,190.2,4.017015898,16.05903256,380.4,1.339005299,32.11806511
586,63.5,6.69837401,3.218230124,190.5,4.019024406,16.09115062,381,1.339674802,32.18230124
587,63.6,6.701723197,3.224666585,190.8,4.021033918,16.12333292,381.6,1.340344639,32.24666585
588,63.7,6.705074058,3.231115918,191.1,4.023044435,16.15557959,382.2,1.341014812,32.31115918
589,63.8,6.708426595,3.23757815,191.4,4.025055957,16.18789075,382.8,1.341685319,32.3757815
590,63.9,6.711780808,3.244053306,191.7,4.027068485,16.22026653,383.4,1.342356162,32.44053306
591,64,6.715136699,3.250541413,192,4.029082019,16.25270706,384,1.34302734,32.50541413
592,64.1,6.718494267,3.257042495,192.3,4.03109656,16.28521248,384.6,1.343698853,32.57042495
593,64.2,6.721853514,3.26355658,192.6,4.033112109,16.3177829,385.2,1.344370703,32.6355658
594,64.3,6.725214441,3.270083694,192.9,4.035128665,16.35041847,385.8,1.345042888,32.70083694
595,64.4,6.728577048,3.276623861,193.2,4.037146229,16.38311931,386.4,1.34571541,32.76623861
596,64.5,6.731941337,3.283177109,193.5,4.039164802,16.41588554,387,1.346388267,32.83177109
597,64.6,6.735307308,3.289743463,193.8,4.041184385,16.44871731,387.6,1.347061462,32.89743463
598,64.7,6.738674961,3.29632295,194.1,4.043204977,16.48161475,388.2,1.347734992,32.9632295
599,64.8,6.742044299,3.302915596,194.4,4.045226579,16.51457798,388.8,1.34840886,33.02915596
600,64.9,6.745415321,3.309521427,194.7,4.047249192,16.54760713,389.4,1.349083064,33.09521427
601,65,6.748788028,3.31614047,195,4.049272817,16.58070235,390,1.349757606,33.1614047
602,65.1,6.752162422,3.322772751,195.3,4.051297453,16.61386375,390.6,1.350432484,33.22772751
603,65.2,6.755538504,3.329418296,195.6,4.053323102,16.64709148,391.2,1.351107701,33.29418296
604,65.3,6.758916273,3.336077133,195.9,4.055349764,16.68038566,391.8,1.351783255,33.36077133
605,65.4,6.762295731,3.342749287,196.2,4.057377439,16.71374644,392.4,1.352459146,33.42749287
606,65.5,6.765676879,3.349434786,196.5,4.059406127,16.74717393,393,1.353135376,33.49434786
607,65.6,6.769059717,3.356133655,196.8,4.06143583,16.78066828,393.6,1.353811943,33.56133655
608,65.7,6.772444247,3.362845923,197.1,4.063466548,16.81422961,394.2,1.354488849,33.62845923
609,65.8,6.775830469,3.369571614,197.4,4.065498282,16.84785807,394.8,1.355166094,33.69571614
610,65.9,6.779218385,3.376310758,197.7,4.067531031,16.88155379,395.4,1.355843677,33.76310758
611,66,6.782607994,3.383063379,198,4.069564796,16.9153169,396,1.356521599,33.83063379
612,66.1,6.785999298,3.389829506,198.3,4.071599579,16.94914753,396.6,1.35719986,33.89829506
613,66.2,6.789392297,3.396609165,198.6,4.073635378,16.98304582,397.2,1.357878459,33.96609165
614,66.3,6.792786994,3.403402383,198.9,4.075672196,17.01701192,397.8,1.358557399,34.03402383
615,66.4,6.796183387,3.410209188,199.2,4.077710032,17.05104594,398.4,1.359236677,34.10209188
616,66.5,6.799581479,3.417029606,199.5,4.079748887,17.08514803,399,1.359916296,34.17029606
617,66.6,6.80298127,3.423863666,199.8,4.081788762,17.11931833,399.6,1.360596254,34.23863666
618,66.7,6.80638276,3.430711393,200.1,4.083829656,17.15355696,400.2,1.361276552,34.30711393
619,66.8,6.809785952,3.437572816,200.4,4.085871571,17.18786408,400.8,1.36195719,34.37572816
620,66.9,6.813190845,3.444447961,200.7,4.087914507,17.22223981,401.4,1.362638169,34.44447961
621,67,6.81659744,3.451336857,201,4.089958464,17.25668429,402,1.363319488,34.51336857
622,67.1,6.820005739,3.458239531,201.3,4.092003443,17.29119766,402.6,1.364001148,34.58239531
623,67.2,6.823415742,3.46515601,201.6,4.094049445,17.32578005,403.2,1.364683148,34.6515601
624,67.3,6.826827449,3.472086322,201.9,4.09609647,17.36043161,403.8,1.36536549,34.72086322
625,67.4,6.830240863,3.479030495,202.2,4.098144518,17.39515247,404.4,1.366048173,34.79030495
626,67.5,6.833655984,3.485988556,202.5,4.10019359,17.42994278,405,1.366731197,34.85988556
627,67.6,6.837072812,3.492960533,202.8,4.102243687,17.46480266,405.6,1.367414562,34.92960533
628,67.7,6.840491348,3.499946454,203.1,4.104294809,17.49973227,406.2,1.36809827,34.99946454
629,67.8,6.843911594,3.506946347,203.4,4.106346956,17.53473173,406.8,1.368782319,35.06946347
630,67.9,6.847333549,3.51396024,203.7,4.10840013,17.5698012,407.4,1.36946671,35.1396024
631,68,6.850757216,3.52098816,204,4.11045433,17.6049408,408,1.370151443,35.2098816
632,68.1,6.854182595,3.528030136,204.3,4.112509557,17.64015068,408.6,1.370836519,35.28030136
633,68.2,6.857609686,3.535086197,204.6,4.114565812,17.67543098,409.2,1.371521937,35.35086197
634,68.3,6.861038491,3.542156369,204.9,4.116623095,17.71078184,409.8,1.372207698,35.42156369
635,68.4,6.86446901,3.549240682,205.2,4.118681406,17.74620341,410.4,1.372893802,35.49240682
636,68.5,6.867901245,3.556339163,205.5,4.120740747,17.78169582,411,1.373580249,35.56339163
637,68.6,6.871335195,3.563451841,205.8,4.122801117,17.81725921,411.6,1.374267039,35.63451841
638,68.7,6.874770863,3.570578745,206.1,4.124862518,17.85289373,412.2,1.374954173,35.70578745
639,68.8,6.878208248,3.577719903,206.4,4.126924949,17.88859951,412.8,1.37564165,35.77719903
640,68.9,6.881647352,3.584875342,206.7,4.128988411,17.92437671,413.4,1.37632947,35.84875342
641,69,6.885088176,3.592045093,207,4.131052906,17.96022547,414,1.377017635,35.92045093
642,69.1,6.88853072,3.599229183,207.3,4.133118432,17.99614592,414.6,1.377706144,35.99229183
643,69.2,6.891974986,3.606427642,207.6,4.135184991,18.03213821,415.2,1.378394997,36.06427642
644,69.3,6.895420973,3.613640497,207.9,4.137252584,18.06820248,415.8,1.379084195,36.13640497
645,69.4,6.898868684,3.620867778,208.2,4.13932121,18.10433889,416.4,1.379773737,36.20867778
646,69.5,6.902318118,3.628109513,208.5,4.141390871,18.14054757,417,1.380463624,36.28109513
647,69.6,6.905769277,3.635365732,208.8,4.143461566,18.17682866,417.6,1.381153855,36.35365732
648,69.7,6.909222162,3.642636464,209.1,4.145533297,18.21318232,418.2,1.381844432,36.42636464
649,69.8,6.912676773,3.649921737,209.4,4.147606064,18.24960868,418.8,1.382535355,36.49921737
650,69.9,6.916133111,3.65722158,209.7,4.149679867,18.2861079,419.4,1.383226622,36.5722158
651,70,6.919591178,3.664536024,210,4.151754707,18.32268012,420,1.383918236,36.64536024
652,70.1,6.923050973,3.671865096,210.3,4.153830584,18.35932548,420.6,1.384610195,36.71865096
653,70.2,6.926512499,3.679208826,210.6,4.155907499,18.39604413,421.2,1.3853025,36.79208826
654,70.3,6.929975755,3.686567243,210.9,4.157985453,18.43283622,421.8,1.385995151,36.86567243
655,70.4,6.933440743,3.693940378,211.2,4.160064446,18.46970189,422.4,1.386688149,36.93940378
656,70.5,6.936907463,3.701328259,211.5,4.162144478,18.50664129,423,1.387381493,37.01328259
657,70.6,6.940375917,3.708730915,211.8,4.16422555,18.54365458,423.6,1.388075183,37.08730915
658,70.7,6.943846105,3.716148377,212.1,4.166307663,18.58074188,424.2,1.388769221,37.16148377
659,70.8,6.947318028,3.723580674,212.4,4.168390817,18.61790337,424.8,1.389463606,37.23580674
660,70.9,6.950791687,3.731027835,212.7,4.170475012,18.65513918,425.4,1.390158337,37.31027835
661,71,6.954267083,3.738489891,213,4.17256025,18.69244945,426,1.390853417,37.38489891
662,71.1,6.957744216,3.745966871,213.3,4.17464653,18.72983435,426.6,1.391548843,37.45966871
663,71.2,6.961223088,3.753458804,213.6,4.176733853,18.76729402,427.2,1.392244618,37.53458804
664,71.3,6.9647037,3.760965722,213.9,4.17882222,18.80482861,427.8,1.39294074,37.60965722
665,71.4,6.968186052,3.768487653,214.2,4.180911631,18.84243827,428.4,1.39363721,37.68487653
666,71.5,6.971670145,3.776024629,214.5,4.183002087,18.88012314,429,1.394334029,37.76024629
667,71.6,6.97515598,3.783576678,214.8,4.185093588,18.91788339,429.6,1.395031196,37.83576678
668,71.7,6.978643558,3.791143831,215.1,4.187186135,18.95571916,430.2,1.395728712,37.91143831
669,71.8,6.98213288,3.798726119,215.4,4.189279728,18.99363059,430.8,1.396426576,37.98726119
670,71.9,6.985623946,3.806323571,215.7,4.191374368,19.03161786,431.4,1.397124789,38.06323571
671,72,6.989116758,3.813936218,216,4.193470055,19.06968109,432,1.397823352,38.13936218
672,72.1,6.992611317,3.821564091,216.3,4.19556679,19.10782045,432.6,1.398522263,38.21564091
673,72.2,6.996107622,3.829207219,216.6,4.197664573,19.14603609,433.2,1.399221524,38.29207219
674,72.3,6.999605676,3.836865633,216.9,4.199763406,19.18432817,433.8,1.399921135,38.36865633
675,72.4,7.003105479,3.844539365,217.2,4.201863287,19.22269682,434.4,1.400621096,38.44539365
676,72.5,7.006607032,3.852228443,217.5,4.203964219,19.26114222,435,1.401321406,38.52228443
677,72.6,7.010110335,3.8599329,217.8,4.206066201,19.2996645,435.6,1.402022067,38.599329
678,72.7,7.01361539,3.867652766,218.1,4.208169234,19.33826383,436.2,1.402723078,38.67652766
679,72.8,7.017122198,3.875388072,218.4,4.210273319,19.37694036,436.8,1.40342444,38.75388072
680,72.9,7.020630759,3.883138848,218.7,4.212378455,19.41569424,437.4,1.404126152,38.83138848
681,73,7.024141074,3.890905125,219,4.214484645,19.45452563,438,1.404828215,38.90905125
682,73.1,7.027653145,3.898686936,219.3,4.216591887,19.49343468,438.6,1.405530629,38.98686936
683,73.2,7.031166972,3.90648431,219.6,4.218700183,19.53242155,439.2,1.406233394,39.0648431
684,73.3,7.034682555,3.914297278,219.9,4.220809533,19.57148639,439.8,1.406936511,39.14297278
685,73.4,7.038199896,3.922125873,220.2,4.222919938,19.61062936,440.4,1.407639979,39.22125873
686,73.5,7.041718996,3.929970124,220.5,4.225031398,19.64985062,441,1.408343799,39.29970124
687,73.6,7.045239856,3.937830065,220.8,4.227143913,19.68915032,441.6,1.409047971,39.37830065
688,73.7,7.048762476,3.945705725,221.1,4.229257485,19.72852862,442.2,1.409752495,39.45705725
689,73.8,7.052286857,3.953597136,221.4,4.231372114,19.76798568,442.8,1.410457371,39.53597136
690,73.9,7.055813,3.961504331,221.7,4.2334878,19.80752165,443.4,1.4111626,39.61504331
691,74,7.059340907,3.969427339,222,4.235604544,19.8471367,444,1.411868181,39.69427339
692,74.1,7.062870577,3.977366194,222.3,4.237722346,19.88683097,444.6,1.412574115,39.77366194
693,74.2,7.066402013,3.985320926,222.6,4.239841208,19.92660463,445.2,1.413280403,39.85320926
694,74.3,7.069935214,3.993291568,222.9,4.241961128,19.96645784,445.8,1.413987043,39.93291568
695,74.4,7.073470181,4.001278151,223.2,4.244082109,20.00639076,446.4,1.414694036,40.01278151
696,74.5,7.077006916,4.009280708,223.5,4.24620415,20.04640354,447,1.415401383,40.09280708
697,74.6,7.08054542,4.017299269,223.8,4.248327252,20.08649634,447.6,1.416109084,40.17299269
698,74.7,7.084085692,4.025333868,224.1,4.250451415,20.12666934,448.2,1.416817138,40.25333868
699,74.8,7.087627735,4.033384535,224.4,4.252576641,20.16692268,448.8,1.417525547,40.33384535
700,74.9,7.091171549,4.041451304,224.7,4.254702929,20.20725652,449.4,1.41823431,40.41451304
701,75,7.094717135,4.049534207,225,4.256830281,20.24767103,450,1.418943427,40.49534207
702,75.1,7.098264493,4.057633275,225.3,4.258958696,20.28816638,450.6,1.419652899,40.57633275
703,75.2,7.101813626,4.065748542,225.6,4.261088175,20.32874271,451.2,1.420362725,40.65748542
704,75.3,7.105364533,4.073880039,225.9,4.26321872,20.36940019,451.8,1.421072907,40.73880039
705,75.4,7.108917215,4.082027799,226.2,4.265350329,20.410139,452.4,1.421783443,40.82027799
706,75.5,7.112471673,4.090191855,226.5,4.267483004,20.45095927,453,1.422494335,40.90191855
707,75.6,7.116027909,4.098372238,226.8,4.269616746,20.49186119,453.6,1.423205582,40.98372238
708,75.7,7.119585923,4.106568983,227.1,4.271751554,20.53284491,454.2,1.423917185,41.06568983
709,75.8,7.123145716,4.114782121,227.4,4.27388743,20.5739106,454.8,1.424629143,41.14782121
710,75.9,7.126707289,4.123011685,227.7,4.276024373,20.61505843,455.4,1.425341458,41.23011685
711,76,7.130270643,4.131257708,228,4.278162386,20.65628854,456,1.426054129,41.31257708
712,76.1,7.133835778,4.139520224,228.3,4.280301467,20.69760112,456.6,1.426767156,41.39520224
713,76.2,7.137402696,4.147799264,228.6,4.282441618,20.73899632,457.2,1.427480539,41.47799264
714,76.3,7.140971397,4.156094863,228.9,4.284582838,20.78047431,457.8,1.428194279,41.56094863
715,76.4,7.144541883,4.164407053,229.2,4.28672513,20.82203526,458.4,1.428908377,41.64407053
716,76.5,7.148114154,4.172735867,229.5,4.288868492,20.86367933,459,1.429622831,41.72735867
717,76.6,7.151688211,4.181081338,229.8,4.291012927,20.90540669,459.6,1.430337642,41.81081338
718,76.7,7.155264055,4.189443501,230.1,4.293158433,20.94721751,460.2,1.431052811,41.89443501
719,76.8,7.158841687,4.197822388,230.4,4.295305012,20.98911194,460.8,1.431768337,41.97822388
720,76.9,7.162421108,4.206218033,230.7,4.297452665,21.03109016,461.4,1.432484222,42.06218033
721,77,7.166002318,4.214630469,231,4.299601391,21.07315234,462,1.433200464,42.14630469
722,77.1,7.16958532,4.22305973,231.3,4.301751192,21.11529865,462.6,1.433917064,42.2305973
723,77.2,7.173170112,4.231505849,231.6,4.303902067,21.15752925,463.2,1.434634022,42.31505849
724,77.3,7.176756697,4.239968861,231.9,4.306054018,21.1998443,463.8,1.435351339,42.39968861
725,77.4,7.180345076,4.248448799,232.2,4.308207045,21.24224399,464.4,1.436069015,42.48448799
726,77.5,7.183935248,4.256945696,232.5,4.310361149,21.28472848,465,1.43678705,42.56945696
727,77.6,7.187527216,4.265459588,232.8,4.31251633,21.32729794,465.6,1.437505443,42.65459588
728,77.7,7.191120979,4.273990507,233.1,4.314672588,21.36995253,466.2,1.438224196,42.73990507
729,77.8,7.19471654,4.282538488,233.4,4.316829924,21.41269244,466.8,1.438943308,42.82538488
730,77.9,7.198313898,4.291103565,233.7,4.318988339,21.45551782,467.4,1.43966278,42.91103565
731,78,7.201913055,4.299685772,234,4.321147833,21.49842886,468,1.440382611,42.99685772
732,78.1,7.205514012,4.308285144,234.3,4.323308407,21.54142572,468.6,1.441102802,43.08285144
733,78.2,7.209116769,4.316901714,234.6,4.325470061,21.58450857,469.2,1.441823354,43.16901714
734,78.3,7.212721327,4.325535517,234.9,4.327632796,21.62767759,469.8,1.442544265,43.25535517
735,78.4,7.216327688,4.334186588,235.2,4.329796613,21.67093294,470.4,1.443265538,43.34186588
736,78.5,7.219935852,4.342854961,235.5,4.331961511,21.71427481,471,1.44398717,43.42854961
737,78.6,7.22354582,4.351540671,235.8,4.334127492,21.75770336,471.6,1.444709164,43.51540671
738,78.7,7.227157592,4.360243753,236.1,4.336294555,21.80121876,472.2,1.445431518,43.60243753
739,78.8,7.230771171,4.36896424,236.4,4.338462703,21.8448212,472.8,1.446154234,43.6896424
740,78.9,7.234386557,4.377702169,236.7,4.340631934,21.88851084,473.4,1.446877311,43.77702169
741,79,7.23800375,4.386457573,237,4.34280225,21.93228787,474,1.44760075,43.86457573
742,79.1,7.241622752,4.395230488,237.3,4.344973651,21.97615244,474.6,1.44832455,43.95230488
743,79.2,7.245243563,4.404020949,237.6,4.347146138,22.02010475,475.2,1.449048713,44.04020949
744,79.3,7.248866185,4.412828991,237.9,4.349319711,22.06414496,475.8,1.449773237,44.12828991
745,79.4,7.252490618,4.421654649,238.2,4.351494371,22.10827325,476.4,1.450498124,44.21654649
746,79.5,7.256116864,4.430497958,238.5,4.353670118,22.15248979,477,1.451223373,44.30497958
747,79.6,7.259744922,4.439358954,238.8,4.355846953,22.19679477,477.6,1.451948984,44.39358954
748,79.7,7.263374794,4.448237672,239.1,4.358024877,22.24118836,478.2,1.452674959,44.48237672
749,79.8,7.267006482,4.457134148,239.4,4.360203889,22.28567074,478.8,1.453401296,44.57134148
750,79.9,7.270639985,4.466048416,239.7,4.362383991,22.33024208,479.4,1.454127997,44.66048416
751,80,7.274275305,4.474980513,240,4.364565183,22.37490256,480,1.454855061,44.74980513
752,80.1,7.277912443,4.483930474,240.3,4.366747466,22.41965237,480.6,1.455582489,44.83930474
753,80.2,7.281551399,4.492898335,240.6,4.368930839,22.46449167,481.2,1.45631028,44.92898335
754,80.3,7.285192175,4.501884131,240.9,4.371115305,22.50942066,481.8,1.457038435,45.01884131
755,80.4,7.288834771,4.5108879,241.2,4.373300862,22.5544395,482.4,1.457766954,45.108879
756,80.5,7.292479188,4.519909675,241.5,4.375487513,22.59954838,483,1.458495838,45.19909675
757,80.6,7.296125428,4.528949495,241.8,4.377675257,22.64474747,483.6,1.459225086,45.28949495
758,80.7,7.29977349,4.538007394,242.1,4.379864094,22.69003697,484.2,1.459954698,45.38007394
759,80.8,7.303423377,4.547083408,242.4,4.382054026,22.73541704,484.8,1.460684675,45.47083408
760,80.9,7.307075089,4.556177575,242.7,4.384245053,22.78088788,485.4,1.461415018,45.56177575
761,81,7.310728626,4.56528993,243,4.386437176,22.82644965,486,1.462145725,45.6528993
762,81.1,7.314383991,4.57442051,243.3,4.388630394,22.87210255,486.6,1.462876798,45.7442051
763,81.2,7.318041183,4.583569351,243.6,4.39082471,22.91784676,487.2,1.463608237,45.83569351
764,81.3,7.321700203,4.59273649,243.9,4.393020122,22.96368245,487.8,1.464340041,45.9273649
765,81.4,7.325361053,4.601921963,244.2,4.395216632,23.00960982,488.4,1.465072211,46.01921963
766,81.5,7.329023734,4.611125807,244.5,4.39741424,23.05562903,489,1.465804747,46.11125807
767,81.6,7.332688246,4.620348059,244.8,4.399612947,23.10174029,489.6,1.466537649,46.20348059
768,81.7,7.33635459,4.629588755,245.1,4.401812754,23.14794377,490.2,1.467270918,46.29588755
769,81.8,7.340022767,4.638847932,245.4,4.40401366,23.19423966,490.8,1.468004553,46.38847932
770,81.9,7.343692779,4.648125628,245.7,4.406215667,23.24062814,491.4,1.468738556,46.48125628
771,82,7.347364625,4.657421879,246,4.408418775,23.2871094,492,1.469472925,46.57421879
772,82.1,7.351038307,4.666736723,246.3,4.410622984,23.33368362,492.6,1.470207661,46.66736723
773,82.2,7.354713826,4.676070197,246.6,4.412828296,23.38035098,493.2,1.470942765,46.76070197
774,82.3,7.358391183,4.685422337,246.9,4.41503471,23.42711168,493.8,1.471678237,46.85422337
775,82.4,7.362070379,4.694793182,247.2,4.417242227,23.47396591,494.4,1.472414076,46.94793182
776,82.5,7.365751414,4.704182768,247.5,4.419450848,23.52091384,495,1.473150283,47.04182768
777,82.6,7.36943429,4.713591133,247.8,4.421660574,23.56795567,495.6,1.473886858,47.13591133
778,82.7,7.373119007,4.723018316,248.1,4.423871404,23.61509158,496.2,1.474623801,47.23018316
779,82.8,7.376805567,4.732464352,248.4,4.42608334,23.66232176,496.8,1.475361113,47.32464352
780,82.9,7.380493969,4.741929281,248.7,4.428296382,23.70964641,497.4,1.476098794,47.41929281
781,83,7.384184216,4.75141314,249,4.43051053,23.7570657,498,1.476836843,47.5141314
782,83.1,7.387876308,4.760915966,249.3,4.432725785,23.80457983,498.6,1.477575262,47.60915966
783,83.2,7.391570247,4.770437798,249.6,4.434942148,23.85218899,499.2,1.478314049,47.70437798
784,83.3,7.395266032,4.779978673,249.9,4.437159619,23.89989337,499.8,1.479053206,47.79978673
785,83.4,7.398963665,4.789538631,250.2,4.439378199,23.94769315,500.4,1.479792733,47.89538631
786,83.5,7.402663147,4.799117708,250.5,4.441597888,23.99558854,501,1.480532629,47.99117708
787,83.6,7.406364478,4.808715943,250.8,4.443818687,24.04357972,501.6,1.481272896,48.08715943
788,83.7,7.41006766,4.818333375,251.1,4.446040596,24.09166688,502.2,1.482013532,48.18333375
789,83.8,7.413772694,4.827970042,251.4,4.448263616,24.13985021,502.8,1.482754539,48.27970042
790,83.9,7.41747958,4.837625982,251.7,4.450487748,24.18812991,503.4,1.483495916,48.37625982
791,84,7.42118832,4.847301234,252,4.452712992,24.23650617,504,1.484237664,48.47301234
792,84.1,7.424898914,4.856995837,252.3,4.454939349,24.28497918,504.6,1.484979783,48.56995837
793,84.2,7.428611364,4.866709828,252.6,4.457166818,24.33354914,505.2,1.485722273,48.66709828
794,84.3,7.43232567,4.876443248,252.9,4.459395402,24.38221624,505.8,1.486465134,48.76443248
795,84.4,7.436041832,4.886196134,253.2,4.461625099,24.43098067,506.4,1.487208366,48.86196134
796,84.5,7.439759853,4.895968527,253.5,4.463855912,24.47984263,507,1.487951971,48.95968527
797,84.6,7.443479733,4.905760464,253.8,4.46608784,24.52880232,507.6,1.488695947,49.05760464
798,84.7,7.447201473,4.915571985,254.1,4.468320884,24.57785992,508.2,1.489440295,49.15571985
799,84.8,7.450925074,4.925403129,254.4,4.470555044,24.62701564,508.8,1.490185015,49.25403129
800,84.9,7.454650536,4.935253935,254.7,4.472790322,24.67626967,509.4,1.490930107,49.35253935
801,85,7.458377862,4.945124443,255,4.475026717,24.72562221,510,1.491675572,49.45124443
802,85.1,7.462107051,4.955014692,255.3,4.47726423,24.77507346,510.6,1.49242141,49.55014692
803,85.2,7.465838104,4.964924721,255.6,4.479502862,24.82462361,511.2,1.493167621,49.64924721
804,85.3,7.469571023,4.974854571,255.9,4.481742614,24.87427285,511.8,1.493914205,49.74854571
805,85.4,7.473305809,4.98480428,256.2,4.483983485,24.9240214,512.4,1.494661162,49.8480428
806,85.5,7.477042462,4.994773888,256.5,4.486225477,24.97386944,513,1.495408492,49.94773888
807,85.6,7.480780983,5.004763436,256.8,4.48846859,25.02381718,513.6,1.496156197,50.04763436
808,85.7,7.484521373,5.014772963,257.1,4.490712824,25.07386481,514.2,1.496904275,50.14772963
809,85.8,7.488263634,5.024802509,257.4,4.49295818,25.12401254,514.8,1.497652727,50.24802509
810,85.9,7.492007766,5.034852114,257.7,4.495204659,25.17426057,515.4,1.498401553,50.34852114
811,86,7.49575377,5.044921818,258,4.497452262,25.22460909,516,1.499150754,50.44921818
812,86.1,7.499501647,5.055011662,258.3,4.499700988,25.27505831,516.6,1.499900329,50.55011662
813,86.2,7.503251397,5.065121685,258.6,4.501950838,25.32560842,517.2,1.500650279,50.65121685
814,86.3,7.507003023,5.075251928,258.9,4.504201814,25.37625964,517.8,1.501400605,50.75251928
815,86.4,7.510756525,5.085402432,259.2,4.506453915,25.42701216,518.4,1.502151305,50.85402432
816,86.5,7.514511903,5.095573237,259.5,4.508707142,25.47786619,519,1.502902381,50.95573237
817,86.6,7.518269159,5.105764384,259.8,4.510961495,25.52882192,519.6,1.503653832,51.05764384
818,86.7,7.522028293,5.115975912,260.1,4.513216976,25.57987956,520.2,1.504405659,51.15975912
819,86.8,7.525789308,5.126207864,260.4,4.515473585,25.63103932,520.8,1.505157862,51.26207864
820,86.9,7.529552202,5.13646028,260.7,4.517731321,25.6823014,521.4,1.50591044,51.3646028
821,87,7.533316978,5.1467332,261,4.519990187,25.733666,522,1.506663396,51.467332
822,87.1,7.537083637,5.157026667,261.3,4.522250182,25.78513333,522.6,1.507416727,51.57026667
823,87.2,7.540852179,5.16734072,261.6,4.524511307,25.8367036,523.2,1.508170436,51.6734072
824,87.3,7.544622605,5.177675402,261.9,4.526773563,25.88837701,523.8,1.508924521,51.77675402
825,87.4,7.548394916,5.188030752,262.2,4.52903695,25.94015376,524.4,1.509678983,51.88030752
826,87.5,7.552169113,5.198406814,262.5,4.531301468,25.99203407,525,1.510433823,51.98406814
827,87.6,7.555945198,5.208803628,262.8,4.533567119,26.04401814,525.6,1.51118904,52.08803628
828,87.7,7.559723171,5.219221235,263.1,4.535833902,26.09610617,526.2,1.511944634,52.19221235
829,87.8,7.563503032,5.229659677,263.4,4.538101819,26.14829839,526.8,1.512700606,52.29659677
830,87.9,7.567284784,5.240118997,263.7,4.54037087,26.20059498,527.4,1.513456957,52.40118997
831,88,7.571068426,5.250599235,264,4.542641056,26.25299617,528,1.514213685,52.50599235
832,88.1,7.57485396,5.261100433,264.3,4.544912376,26.30550217,528.6,1.514970792,52.61100433
833,88.2,7.578641387,5.271622634,264.6,4.547184832,26.35811317,529.2,1.515728277,52.71622634
834,88.3,7.582430708,5.282165879,264.9,4.549458425,26.4108294,529.8,1.516486142,52.82165879
835,88.4,7.586221923,5.292730211,265.2,4.551733154,26.46365105,530.4,1.517244385,52.92730211
836,88.5,7.590015034,5.303315671,265.5,4.554009021,26.51657836,531,1.518003007,53.03315671
837,88.6,7.593810042,5.313922303,265.8,4.556286025,26.56961151,531.6,1.518762008,53.13922303
838,88.7,7.597606947,5.324550147,266.1,4.558564168,26.62275074,532.2,1.519521389,53.24550147
839,88.8,7.60140575,5.335199248,266.4,4.56084345,26.67599624,532.8,1.52028115,53.35199248
840,88.9,7.605206453,5.345869646,266.7,4.563123872,26.72934823,533.4,1.521041291,53.45869646
841,89,7.609009056,5.356561385,267,4.565405434,26.78280693,534,1.521801811,53.56561385
842,89.1,7.612813561,5.367274508,267.3,4.567688137,26.83637254,534.6,1.522562712,53.67274508
843,89.2,7.616619968,5.378009057,267.6,4.569971981,26.89004529,535.2,1.523323994,53.78009057
844,89.3,7.620428278,5.388765075,267.9,4.572256967,26.94382538,535.8,1.524085656,53.88765075
845,89.4,7.624238492,5.399542605,268.2,4.574543095,26.99771303,536.4,1.524847698,53.99542605
846,89.5,7.628050611,5.410341691,268.5,4.576830367,27.05170845,537,1.525610122,54.10341691
847,89.6,7.631864636,5.421162374,268.8,4.579118782,27.10581187,537.6,1.526372927,54.21162374
848,89.7,7.635680569,5.432004699,269.1,4.581408341,27.16002349,538.2,1.527136114,54.32004699
849,89.8,7.639498409,5.442868708,269.4,4.583699045,27.21434354,538.8,1.527899682,54.42868708
850,89.9,7.643318158,5.453754446,269.7,4.585990895,27.26877223,539.4,1.528663632,54.53754446
851,90,7.647139817,5.464661955,270,4.58828389,27.32330977,540,1.529427963,54.64661955
852,90.1,7.650963387,5.475591278,270.3,4.590578032,27.37795639,540.6,1.530192677,54.75591278
853,90.2,7.654788869,5.486542461,270.6,4.592873321,27.43271231,541.2,1.530957774,54.86542461
854,90.3,7.658616263,5.497515546,270.9,4.595169758,27.48757773,541.8,1.531723253,54.97515546
855,90.4,7.662445571,5.508510577,271.2,4.597467343,27.54255289,542.4,1.532489114,55.08510577
856,90.5,7.666276794,5.519527598,271.5,4.599766077,27.59763799,543,1.533255359,55.19527598
857,90.6,7.670109933,5.530566653,271.8,4.60206596,27.65283327,543.6,1.534021987,55.30566653
858,90.7,7.673944988,5.541627787,272.1,4.604366993,27.70813893,544.2,1.534788998,55.41627787
859,90.8,7.67778196,5.552711042,272.4,4.606669176,27.76355521,544.8,1.535556392,55.52711042
860,90.9,7.681620851,5.563816464,272.7,4.608972511,27.81908232,545.4,1.53632417,55.63816464
861,91,7.685461662,5.574944097,273,4.611276997,27.87472049,546,1.537092332,55.74944097
862,91.1,7.689304392,5.586093985,273.3,4.613582635,27.93046993,546.6,1.537860878,55.86093985
863,91.2,7.693149045,5.597266173,273.6,4.615889427,27.98633087,547.2,1.538629809,55.97266173
864,91.3,7.696995619,5.608460706,273.9,4.618197371,28.04230353,547.8,1.539399124,56.08460706
865,91.4,7.700844117,5.619677627,274.2,4.62050647,28.09838814,548.4,1.540168823,56.19677627
866,91.5,7.704694539,5.630916982,274.5,4.622816723,28.15458491,549,1.540938908,56.30916982
867,91.6,7.708546886,5.642178816,274.8,4.625128132,28.21089408,549.6,1.541709377,56.42178816
868,91.7,7.71240116,5.653463174,275.1,4.627440696,28.26731587,550.2,1.542480232,56.53463174
869,91.8,7.71625736,5.6647701,275.4,4.629754416,28.3238505,550.8,1.543251472,56.647701
870,91.9,7.720115489,5.676099641,275.7,4.632069293,28.3804982,551.4,1.544023098,56.76099641
871,92,7.723975547,5.68745184,276,4.634385328,28.4372592,552,1.544795109,56.8745184
872,92.1,7.727837534,5.698826744,276.3,4.636702521,28.49413372,552.6,1.545567507,56.98826744
873,92.2,7.731701453,5.710224397,276.6,4.639020872,28.55112199,553.2,1.546340291,57.10224397
874,92.3,7.735567304,5.721644846,276.9,4.641340382,28.60822423,553.8,1.547113461,57.21644846
875,92.4,7.739435088,5.733088136,277.2,4.643661053,28.66544068,554.4,1.547887018,57.33088136
876,92.5,7.743304805,5.744554312,277.5,4.645982883,28.72277156,555,1.548660961,57.44554312
877,92.6,7.747176458,5.75604342,277.8,4.648305875,28.7802171,555.6,1.549435292,57.5604342
878,92.7,7.751050046,5.767555507,278.1,4.650630027,28.83777754,556.2,1.550210009,57.67555507
879,92.8,7.754925571,5.779090618,278.4,4.652955342,28.89545309,556.8,1.550985114,57.79090618
880,92.9,7.758803034,5.7906488,278.7,4.65528182,28.953244,557.4,1.551760607,57.906488
881,93,7.762682435,5.802230097,279,4.657609461,29.01115049,558,1.552536487,58.02230097
882,93.1,7.766563776,5.813834557,279.3,4.659938266,29.06917279,558.6,1.553312755,58.13834557
883,93.2,7.770447058,5.825462226,279.6,4.662268235,29.12731113,559.2,1.554089412,58.25462226
884,93.3,7.774332282,5.837113151,279.9,4.664599369,29.18556575,559.8,1.554866456,58.37113151
885,93.4,7.778219448,5.848787377,280.2,4.666931669,29.24393689,560.4,1.55564389,58.48787377
886,93.5,7.782108558,5.860484952,280.5,4.669265135,29.30242476,561,1.556421712,58.60484952
887,93.6,7.785999612,5.872205922,280.8,4.671599767,29.36102961,561.6,1.557199922,58.72205922
888,93.7,7.789892612,5.883950334,281.1,4.673935567,29.41975167,562.2,1.557978522,58.83950334
889,93.8,7.793787558,5.895718234,281.4,4.676272535,29.47859117,562.8,1.558757512,58.95718234
890,93.9,7.797684452,5.907509671,281.7,4.678610671,29.53754835,563.4,1.55953689,59.07509671
891,94,7.801583294,5.91932469,282,4.680949976,29.59662345,564,1.560316659,59.1932469
892,94.1,7.805484086,5.93116334,282.3,4.683290451,29.6558167,564.6,1.561096817,59.3116334
893,94.2,7.809386828,5.943025666,282.6,4.685632097,29.71512833,565.2,1.561877366,59.43025666
894,94.3,7.813291521,5.954911718,282.9,4.687974913,29.77455859,565.8,1.562658304,59.54911718
895,94.4,7.817198167,5.966821541,283.2,4.6903189,29.8341077,566.4,1.563439633,59.66821541
896,94.5,7.821106766,5.978755184,283.5,4.69266406,29.89377592,567,1.564221353,59.78755184
897,94.6,7.825017319,5.990712694,283.8,4.695010392,29.95356347,567.6,1.565003464,59.90712694
898,94.7,7.828929828,6.00269412,284.1,4.697357897,30.0134706,568.2,1.565785966,60.0269412
899,94.8,7.832844293,6.014699508,284.4,4.699706576,30.07349754,568.8,1.566568859,60.14699508
900,94.9,7.836760715,6.026728907,284.7,4.702056429,30.13364454,569.4,1.567352143,60.26728907
901,95,7.840679095,6.038782365,285,4.704407457,30.19391182,570,1.568135819,60.38782365
902,95.1,7.844599435,6.05085993,285.3,4.706759661,30.25429965,570.6,1.568919887,60.5085993
903,95.2,7.848521735,6.062961649,285.6,4.709113041,30.31480825,571.2,1.569704347,60.62961649
904,95.3,7.852445996,6.075087573,285.9,4.711467597,30.37543786,571.8,1.570489199,60.75087573
905,95.4,7.856372219,6.087237748,286.2,4.713823331,30.43618874,572.4,1.571274444,60.87237748
906,95.5,7.860300405,6.099412223,286.5,4.716180243,30.49706112,573,1.572060081,60.99412223
907,95.6,7.864230555,6.111611048,286.8,4.718538333,30.55805524,573.6,1.572846111,61.11611048
908,95.7,7.86816267,6.12383427,287.1,4.720897602,30.61917135,574.2,1.573632534,61.2383427
909,95.8,7.872096751,6.136081938,287.4,4.723258051,30.68040969,574.8,1.57441935,61.36081938
910,95.9,7.8760328,6.148354102,287.7,4.72561968,30.74177051,575.4,1.57520656,61.48354102
911,96,7.879970816,6.160650811,288,4.72798249,30.80325405,576,1.575994163,61.60650811
912,96.1,7.883910802,6.172972112,288.3,4.730346481,30.86486056,576.6,1.57678216,61.72972112
913,96.2,7.887852757,6.185318056,288.6,4.732711654,30.92659028,577.2,1.577570551,61.85318056
914,96.3,7.891796683,6.197688693,288.9,4.73507801,30.98844346,577.8,1.578359337,61.97688693
915,96.4,7.895742582,6.21008407,289.2,4.737445549,31.05042035,578.4,1.579148516,62.1008407
916,96.5,7.899690453,6.222504238,289.5,4.739814272,31.11252119,579,1.579938091,62.22504238
917,96.6,7.903640298,6.234949247,289.8,4.742184179,31.17474623,579.6,1.58072806,62.34949247
918,96.7,7.907592118,6.247419145,290.1,4.744555271,31.23709573,580.2,1.581518424,62.47419145
919,96.8,7.911545914,6.259913983,290.4,4.746927549,31.29956992,580.8,1.582309183,62.59913983
920,96.9,7.915501687,6.272433811,290.7,4.749301012,31.36216906,581.4,1.583100337,62.72433811
921,97,7.919459438,6.284978679,291,4.751675663,31.42489339,582,1.583891888,62.84978679
922,97.1,7.923419168,6.297548636,291.3,4.754051501,31.48774318,582.6,1.584683834,62.97548636
923,97.2,7.927380878,6.310143734,291.6,4.756428527,31.55071867,583.2,1.585476176,63.10143734
924,97.3,7.931344568,6.322764021,291.9,4.758806741,31.61382011,583.8,1.586268914,63.22764021
925,97.4,7.93531024,6.335409549,292.2,4.761186144,31.67704775,584.4,1.587062048,63.35409549
926,97.5,7.939277895,6.348080368,292.5,4.763566737,31.74040184,585,1.587855579,63.48080368
927,97.6,7.943247534,6.360776529,292.8,4.765948521,31.80388264,585.6,1.588649507,63.60776529
928,97.7,7.947219158,6.373498082,293.1,4.768331495,31.86749041,586.2,1.589443832,63.73498082
929,97.8,7.951192768,6.386245078,293.4,4.770715661,31.93122539,586.8,1.590238554,63.86245078
930,97.9,7.955168364,6.399017568,293.7,4.773101018,31.99508784,587.4,1.591033673,63.99017568
931,98,7.959145948,6.411815603,294,4.775487569,32.05907802,588,1.59182919,64.11815603
932,98.1,7.963125521,6.424639235,294.3,4.777875313,32.12319617,588.6,1.592625104,64.24639235
933,98.2,7.967107084,6.437488513,294.6,4.78026425,32.18744257,589.2,1.593421417,64.37488513
934,98.3,7.971090638,6.45036349,294.9,4.782654383,32.25181745,589.8,1.594218128,64.5036349
935,98.4,7.975076183,6.463264217,295.2,4.78504571,32.31632109,590.4,1.595015237,64.63264217
936,98.5,7.979063721,6.476190746,295.5,4.787438233,32.38095373,591,1.595812744,64.76190746
937,98.6,7.983053253,6.489143127,295.8,4.789831952,32.44571564,591.6,1.596610651,64.89143127
938,98.7,7.987044779,6.502121413,296.1,4.792226868,32.51060707,592.2,1.597408956,65.02121413
939,98.8,7.991038302,6.515125656,296.4,4.794622981,32.57562828,592.8,1.59820766,65.15125656
940,98.9,7.995033821,6.528155907,296.7,4.797020293,32.64077954,593.4,1.599006764,65.28155907
941,99,7.999031338,6.541212219,297,4.799418803,32.7060611,594,1.599806268,65.41212219
942,99.1,8.003030854,6.554294644,297.3,4.801818512,32.77147322,594.6,1.600606171,65.54294644
943,99.2,8.007032369,6.567403233,297.6,4.804219421,32.83701616,595.2,1.601406474,65.67403233
944,99.3,8.011035885,6.580538039,297.9,4.806621531,32.9026902,595.8,1.602207177,65.80538039
945,99.4,8.015041403,6.593699115,298.2,4.809024842,32.96849558,596.4,1.603008281,65.93699115
946,99.5,8.019048924,6.606886514,298.5,4.811429354,33.03443257,597,1.603809785,66.06886514
947,99.6,8.023058448,6.620100287,298.8,4.813835069,33.10050143,597.6,1.60461169,66.20100287
948,99.7,8.027069978,6.633340487,299.1,4.816241987,33.16670244,598.2,1.605413996,66.33340487
949,99.8,8.031083512,6.646607168,299.4,4.818650107,33.23303584,598.8,1.606216702,66.46607168
950,99.9,8.035099054,6.659900383,299.7,4.821059433,33.29950191,599.4,1.607019811,66.59900383
951,100,8.039116604,6.673220183,300,4.823469962,33.36610092,600,1.607823321,66.73220183
952,100.1,8.043136162,6.686566624,300.3,4.825881697,33.43283312,600.6,1.608627232,66.86566624
953,100.2,8.04715773,6.699939757,300.6,4.828294638,33.49969879,601.2,1.609431546,66.99939757
954,100.3,8.051181309,6.713339637,300.9,4.830708785,33.56669818,601.8,1.610236262,67.13339637
955,100.4,8.0552069,6.726766316,301.2,4.83312414,33.63383158,602.4,1.61104138,67.26766316
956,100.5,8.059234503,6.740219848,301.5,4.835540702,33.70109924,603,1.611846901,67.40219848
957,100.6,8.06326412,6.753700288,301.8,4.837958472,33.76850144,603.6,1.612652824,67.53700288
958,100.7,8.067295752,6.767207689,302.1,4.840377451,33.83603844,604.2,1.61345915,67.67207689
959,100.8,8.0713294,6.780742104,302.4,4.84279764,33.90371052,604.8,1.61426588,67.80742104
960,100.9,8.075365065,6.794303588,302.7,4.845219039,33.97151794,605.4,1.615073013,67.94303588
961,101,8.079402748,6.807892195,303,4.847641649,34.03946098,606,1.61588055,68.07892195
962,101.1,8.083442449,6.82150798,303.3,4.850065469,34.1075399,606.6,1.61668849,68.2150798
963,101.2,8.08748417,6.835150996,303.6,4.852490502,34.17575498,607.2,1.617496834,68.35150996
964,101.3,8.091527912,6.848821298,303.9,4.854916747,34.24410649,607.8,1.618305582,68.48821298
965,101.4,8.095573676,6.86251894,304.2,4.857344206,34.3125947,608.4,1.619114735,68.6251894
966,101.5,8.099621463,6.876243978,304.5,4.859772878,34.38121989,609,1.619924293,68.76243978
967,101.6,8.103671274,6.889996466,304.8,4.862202764,34.44998233,609.6,1.620734255,68.89996466
968,101.7,8.107723109,6.903776459,305.1,4.864633866,34.5188823,610.2,1.621544622,69.03776459
969,101.8,8.111776971,6.917584012,305.4,4.867066183,34.58792006,610.8,1.622355394,69.17584012
970,101.9,8.115832859,6.93141918,305.7,4.869499716,34.6570959,611.4,1.623166572,69.3141918
971,102,8.119890776,6.945282018,306,4.871934466,34.72641009,612,1.623978155,69.45282018
972,102.1,8.123950721,6.959172583,306.3,4.874370433,34.79586291,612.6,1.624790144,69.59172583
973,102.2,8.128012697,6.973090928,306.6,4.876807618,34.86545464,613.2,1.625602539,69.73090928
974,102.3,8.132076703,6.98703711,306.9,4.879246022,34.93518555,613.8,1.626415341,69.8703711
975,102.4,8.136142741,7.001011184,307.2,4.881685645,35.00505592,614.4,1.627228548,70.01011184
976,102.5,8.140210813,7.015013206,307.5,4.884126488,35.07506603,615,1.628042163,70.15013206
977,102.6,8.144280918,7.029043233,307.8,4.886568551,35.14521616,615.6,1.628856184,70.29043233
978,102.7,8.148353059,7.043101319,308.1,4.889011835,35.21550659,616.2,1.629670612,70.43101319
979,102.8,8.152427235,7.057187522,308.4,4.891456341,35.28593761,616.8,1.630485447,70.57187522
980,102.9,8.156503449,7.071301897,308.7,4.893902069,35.35650948,617.4,1.63130069,70.71301897
981,103,8.1605817,7.0854445,309,4.89634902,35.4272225,618,1.63211634,70.854445
982,103.1,8.164661991,7.099615389,309.3,4.898797195,35.49807695,618.6,1.632932398,70.99615389
983,103.2,8.168744322,7.11381462,309.6,4.901246593,35.5690731,619.2,1.633748864,71.1381462
984,103.3,8.172828694,7.128042249,309.9,4.903697217,35.64021125,619.8,1.634565739,71.28042249
985,103.4,8.176915109,7.142298334,310.2,4.906149065,35.71149167,620.4,1.635383022,71.42298334
986,103.5,8.181003566,7.156582931,310.5,4.90860214,35.78291465,621,1.636200713,71.56582931
987,103.6,8.185094068,7.170896097,310.8,4.911056441,35.85448048,621.6,1.637018814,71.70896097
988,103.7,8.189186615,7.185237889,311.1,4.913511969,35.92618944,622.2,1.637837323,71.85237889
989,103.8,8.193281208,7.199608364,311.4,4.915968725,35.99804182,622.8,1.638656242,71.99608364
990,103.9,8.197377849,7.214007581,311.7,4.918426709,36.07003791,623.4,1.63947557,72.14007581
991,104,8.201476538,7.228435596,312,4.920885923,36.14217798,624,1.640295308,72.28435596
992,104.1,8.205577276,7.242892468,312.3,4.923346366,36.21446234,624.6,1.641115455,72.42892468
993,104.2,8.209680065,7.257378253,312.6,4.925808039,36.28689126,625.2,1.641936013,72.57378253
994,104.3,8.213784905,7.271893009,312.9,4.928270943,36.35946505,625.8,1.642756981,72.71893009
995,104.4,8.217891797,7.286436795,313.2,4.930735078,36.43218398,626.4,1.643578359,72.86436795
996,104.5,8.222000743,7.301009669,313.5,4.933200446,36.50504834,627,1.644400149,73.01009669
997,104.6,8.226111744,7.315611688,313.8,4.935667046,36.57805844,627.6,1.645222349,73.15611688
998,104.7,8.2302248,7.330242911,314.1,4.93813488,36.65121456,628.2,1.64604496,73.30242911
999,104.8,8.234339912,7.344903397,314.4,4.940603947,36.72451699,628.8,1.646867982,73.44903397